"","country","year","gdp","suicides"
"1","Antigua and Barbuda",1985,3850,0
"2","Argentina",1985,3264,11.2058333333333
"3","Australia",1985,12374,13.6175
"4","Austria",1985,9759,32.0675
"5","Bahamas",1985,11393,0.396666666666667
"6","Bahrain",1985,9980,1.67666666666667
"7","Barbados",1985,6137,5.14333333333333
"8","Belgium",1985,9356,27.67
"9","Brazil",1985,1898,4.93166666666667
"10","Bulgaria",1985,2044,25.26
"11","Canada",1985,15522,13.8716666666667
"12","Chile",1985,1658,9.07583333333333
"13","Colombia",1985,1393,5.21333333333333
"14","Costa Rica",1985,2145,5.78833333333333
"15","Dominica",1985,1485,0
"16","Ecuador",1985,2238,6.87666666666667
"17","France",1985,10765,29.075
"18","Greece",1985,5156,4.8475
"19","Grenada",1985,1965,2.09
"20","Iceland",1985,13357,14.2541666666667
"21","Ireland",1985,6638,8.51333333333333
"22","Israel",1985,7325,9.33583333333333
"23","Italy",1985,8329,11.1166666666667
"24","Jamaica",1985,1032,0.753333333333333
"25","Japan",1985,12401,25.0391666666667
"26","Kuwait",1985,14607,0.933333333333333
"27","Luxembourg",1985,13743,20.6158333333333
"28","Malta",1985,3639,0.73
"29","Mauritius",1985,1223,11.9275
"30","Mexico",1985,2730,3.18083333333333
"31","Netherlands",1985,10428,13.3241666666667
"32","New Zealand",1985,8246,12.8033333333333
"33","Panama",1985,3443,4.255
"34","Paraguay",1985,964,3.285
"35","Portugal",1985,2912,13.735
"36","Puerto Rico",1985,6582,12.8841666666667
"37","Republic of Korea",1985,2731,12.2208333333333
"38","Saint Vincent and Grenadines",1985,1622,2.7325
"39","Seychelles",1985,2947,13.015
"40","Singapore",1985,8142,29.4466666666667
"41","Spain",1985,5009,9.5775
"42","Sri Lanka",1985,431,46.56
"43","Suriname",1985,2706,39.2366666666667
"44","Thailand",1985,840,6.87833333333333
"45","Trinidad and Tobago",1985,7317,2.51416666666667
"46","United Kingdom",1985,9231,9.70416666666667
"47","United States",1985,19693,15.3933333333333
"48","Uruguay",1985,1729,14.8841666666667
"49","Antigua and Barbuda",1986,4740,0
"50","Argentina",1986,4072,12.7416666666667
"51","Australia",1986,12288,14.6491666666667
"52","Austria",1986,13911,33.4833333333333
"53","Barbados",1986,6720,3.06083333333333
"54","Belgium",1986,12992,26.2241666666667
"55","Belize",1986,1552,1.61416666666667
"56","Brazil",1986,2257,4.76333333333333
"57","Bulgaria",1986,2413,22.9566666666667
"58","Canada",1986,16062,15.8425
"59","Chile",1986,1728,7.57833333333333
"60","Colombia",1986,1366,4.17583333333333
"61","Costa Rica",1986,2389,7.48666666666667
"62","Ecuador",1986,1943,6.37833333333333
"63","France",1986,14940,29.3141666666667
"64","Greece",1986,6040,5.10083333333333
"65","Guatemala",1986,1044,3.57
"66","Iceland",1986,17681,17.925
"67","Ireland",1986,8937,8.74
"68","Israel",1986,8938,10.8566666666667
"69","Italy",1986,11762,10.9208333333333
"70","Jamaica",1986,1342,0.0475
"71","Japan",1986,18288,26.9625
"72","Kuwait",1986,11661,0.728333333333333
"73","Luxembourg",1986,20004,15.2541666666667
"74","Malta",1986,4544,0.300833333333333
"75","Mauritius",1986,1636,2.50583333333333
"76","Mexico",1986,1873,3.81166666666667
"77","Netherlands",1986,14479,13.19
"78","New Zealand",1986,10114,14.8891666666667
"79","Norway",1986,20117,13.635
"80","Panama",1986,3504,5.07583333333333
"81","Paraguay",1986,1086,2.23
"82","Portugal",1986,4145,13.7941666666667
"83","Puerto Rico",1986,7002,14.8525
"84","Republic of Korea",1986,3078,11.9425
"85","Saint Lucia",1986,2634,4.99583333333333
"86","Saint Vincent and Grenadines",1986,1771,0
"87","Seychelles",1986,3621,1.93833333333333
"88","Singapore",1986,7805,27.0508333333333
"89","Spain",1986,6919,9.98583333333333
"90","Sri Lanka",1986,454,44.15
"91","Suriname",1986,2731,17.6658333333333
"92","Thailand",1986,911,5.9925
"93","Trinidad and Tobago",1986,4516,10.2608333333333
"94","United Kingdom",1986,11323,9.33416666666667
"95","United States",1986,20588,15.9708333333333
"96","Uruguay",1986,2132,14.3725
"97","Albania",1987,796,2.65416666666667
"98","Antigua and Barbuda",1987,5595,0
"99","Argentina",1987,4026,12.0816666666667
"100","Australia",1987,12564,15.735
"101","Austria",1987,17415,33.8233333333333
"102","Bahamas",1987,12286,1.1325
"103","Bahrain",1987,9321,2.14
"104","Barbados",1987,7333,2.455
"105","Belgium",1987,16165,27.3133333333333
"106","Belize",1987,1920,2.6175
"107","Brazil",1987,2394,5.84333333333333
"108","Bulgaria",1987,3355,25.7
"109","Canada",1987,18124,14.9441666666667
"110","Chile",1987,1985,7.45166666666667
"111","Colombia",1987,1299,3.76416666666667
"112","Costa Rica",1987,2433,7.13
"113","Ecuador",1987,1669,5.21083333333333
"114","Finland",1987,19861,28.9458333333333
"115","France",1987,17999,27.5858333333333
"116","Greece",1987,6994,5.255
"117","Guatemala",1987,997,4.82666666666667
"118","Iceland",1987,24107,17.495
"119","Ireland",1987,10515,7.95166666666667
"120","Israel",1987,10558,11.1341666666667
"121","Italy",1987,14756,10.4616666666667
"122","Jamaica",1987,1587,0.648333333333333
"123","Japan",1987,22137,24.6075
"124","Kuwait",1987,13924,0.955833333333333
"125","Luxembourg",1987,24654,20.27
"126","Malta",1987,5517,1.5725
"127","Mauritius",1987,2073,14.3283333333333
"128","Mexico",1987,2064,3.4525
"129","Netherlands",1987,17560,13.0975
"130","New Zealand",1987,13238,17.5433333333333
"131","Norway",1987,23980,15.9633333333333
"132","Panama",1987,3447,5.58833333333333
"133","Paraguay",1987,1158,3.05
"134","Portugal",1987,5138,14.2775
"135","Puerto Rico",1987,7533,11.98
"136","Republic of Korea",1987,3834,10.6866666666667
"137","Saint Lucia",1987,2875,11.785
"138","Saint Vincent and Grenadines",1987,1908,0
"139","Seychelles",1987,4276,5.06
"140","Singapore",1987,8679,22.7966666666667
"141","Spain",1987,8727,10.1783333333333
"142","Suriname",1987,2951,20.975
"143","Sweden",1987,22813,19.2425
"144","Thailand",1987,1045,6.81833333333333
"145","Trinidad and Tobago",1987,4449,12.9616666666667
"146","Turkmenistan",1987,815,14.4675
"147","Ukraine",1987,1353,24.5033333333333
"148","United Kingdom",1987,13996,8.65083333333333
"149","United States",1987,21631,15.9716666666667
"150","Uruguay",1987,2651,13.7025
"151","Albania",1988,769,2.705
"152","Antigua and Barbuda",1988,6693,0
"153","Argentina",1988,4458,12.1866666666667
"154","Australia",1988,15393,14.9433333333333
"155","Austria",1988,18663,29.8033333333333
"156","Bahrain",1988,9501,2.06666666666667
"157","Barbados",1988,7763,4.7825
"158","Belgium",1988,17509,23.65
"159","Brazil",1988,2628,5.44666666666667
"160","Bulgaria",1988,2688,24.3741666666667
"161","Canada",1988,21069,14.615
"162","Chile",1988,2303,7.90833333333333
"163","Colombia",1988,1369,4.22
"164","Costa Rica",1988,2460,7.415
"165","Ecuador",1988,1519,6.27416666666667
"166","Finland",1988,23546,29.5033333333333
"167","France",1988,19534,26.06
"168","Greece",1988,8070,5.01
"169","Grenada",1988,2707,3.9
"170","Guatemala",1988,1074,3.93666666666667
"171","Guyana",1988,632,7.66
"172","Iceland",1988,26249,13.9983333333333
"173","Ireland",1988,11696,9.43666666666667
"174","Israel",1988,12687,10.3466666666667
"175","Italy",1988,16282,10.1508333333333
"176","Jamaica",1988,1831,0.35
"177","Japan",1988,26687,23.7266666666667
"178","Luxembourg",1988,27676,17.625
"179","Malta",1988,6295,2.38416666666667
"180","Mauritius",1988,2317,20.5091666666667
"181","Mexico",1988,2630,3.51833333333333
"182","Netherlands",1988,18661,12.3
"183","New Zealand",1988,14890,17.0858333333333
"184","Norway",1988,25820,17.375
"185","Panama",1988,2859,5.01583333333333
"186","Portugal",1988,5995,11.4791666666667
"187","Puerto Rico",1988,8155,13.4741666666667
"188","Republic of Korea",1988,5089,9.54833333333333
"189","Saint Lucia",1988,3244,15.1841666666667
"190","Singapore",1988,10586,30.0158333333333
"191","Spain",1988,10250,10.6066666666667
"192","Suriname",1988,3418,17.4766666666667
"193","Sweden",1988,25731,19.3058333333333
"194","Trinidad and Tobago",1988,4104,19.0625
"195","Turkmenistan",1988,1029,13.5375
"196","Ukraine",1988,1571,23.8933333333333
"197","United Kingdom",1988,17072,9.54583333333333
"198","United States",1988,23103,15.6425
"199","Uruguay",1988,2934,13.705
"200","Albania",1989,833,2.78333333333333
"201","Antigua and Barbuda",1989,7407,0
"202","Argentina",1989,2670,11.5775
"203","Australia",1989,19223,14.0091666666667
"204","Austria",1989,18544,29.9433333333333
"205","Barbados",1989,8541,6.13166666666667
"206","Belgium",1989,17659,23.7375
"207","Belize",1989,2372,0.43
"208","Brazil",1989,3310,5.335
"209","Bulgaria",1989,2617,24.3491666666667
"210","Canada",1989,23188,14.2483333333333
"211","Chile",1989,2599,8.37
"212","Colombia",1989,1350,3.47416666666667
"213","Costa Rica",1989,2686,7.06416666666667
"214","Ecuador",1989,1619,5.865
"215","Finland",1989,25582,31.1133333333333
"216","France",1989,19558,26.0441666666667
"217","Greece",1989,8310,4.54416666666667
"218","Grenada",1989,3268,5.42416666666667
"219","Guatemala",1989,1122,2.93583333333333
"220","Guyana",1989,581,15.4066666666667
"221","Iceland",1989,24089,9.17666666666667
"222","Ireland",1989,12188,9.21333333333333
"223","Israel",1989,12405,14.1933333333333
"224","Italy",1989,16922,9.72
"225","Jamaica",1989,2087,0
"226","Japan",1989,26389,21.9516666666667
"227","Luxembourg",1989,29239,21.7766666666667
"228","Malta",1989,6539,7.49666666666667
"229","Mauritius",1989,2349,17.6366666666667
"230","Mexico",1989,3125,4.02166666666667
"231","Netherlands",1989,18310,11.3341666666667
"232","New Zealand",1989,14417,15.885
"233","Norway",1989,25945,16.4908333333333
"234","Panama",1989,2802,4.6075
"235","Paraguay",1989,1330,2.94416666666667
"236","Portugal",1989,6436,10.86
"237","Puerto Rico",1989,8576,14.1283333333333
"238","Republic of Korea",1989,6217,10.1166666666667
"239","Romania",1989,1973,13.1475
"240","Russian Federation",1989,3740,33.235
"241","Saint Lucia",1989,3505,7.40916666666667
"242","Singapore",1989,12514,29.5091666666667
"243","Spain",1989,11258,10.5408333333333
"244","Suriname",1989,1560,17.6766666666667
"245","Sweden",1989,26978,19.8616666666667
"246","Trinidad and Tobago",1989,4040,16.5133333333333
"247","Turkmenistan",1989,1003,11.2775
"248","Ukraine",1989,1732,26.36
"249","United Kingdom",1989,17349,8.26583333333333
"250","United States",1989,24654,15.2033333333333
"251","Uruguay",1989,2992,16.3716666666667
"252","Antigua and Barbuda",1990,7744,1.43666666666667
"253","Argentina",1990,4859,11.2416666666667
"254","Armenia",1990,756,3.42666666666667
"255","Australia",1990,19665,14.3625
"256","Austria",1990,23020,29.4816666666667
"257","Azerbaijan",1990,1439,2.05083333333333
"258","Barbados",1990,8537,10.1025
"259","Belarus",1990,2301,22.8641666666667
"260","Belgium",1990,22032,23.0925
"261","Belize",1990,2614,2.475
"262","Brazil",1990,3516,5.58833333333333
"263","Bulgaria",1990,2451,21.3691666666667
"264","Canada",1990,24041,13.7516666666667
"265","Chile",1990,2828,7.655
"266","Colombia",1990,1346,3.61916666666667
"267","Costa Rica",1990,2817,7.7725
"268","Czech Republic",1990,4168,26.185
"269","Ecuador",1990,1732,5.04
"270","El Salvador",1990,1068,15.3716666666667
"271","Finland",1990,30271,33.0183333333333
"272","France",1990,23968,25.2275
"273","Georgia",1990,1555,5.36916666666667
"274","Germany",1990,23546,21.6208333333333
"275","Greece",1990,10179,4.29083333333333
"276","Grenada",1990,3391,2.0625
"277","Guatemala",1990,996,2.83916666666667
"278","Guyana",1990,607,14.755
"279","Iceland",1990,27316,15.0258333333333
"280","Ireland",1990,15312,10.4733333333333
"281","Israel",1990,14193,10.1883333333333
"282","Italy",1990,21472,10.165
"283","Jamaica",1990,2155,0.11
"284","Japan",1990,26949,20.5308333333333
"285","Kazakhstan",1990,1823,27.8433333333333
"286","Kyrgyzstan",1990,715,20.5891666666667
"287","Luxembourg",1990,36871,19.445
"288","Malta",1990,7780,1.97916666666667
"289","Mauritius",1990,2820,13.5983333333333
"290","Mexico",1990,3595,4.07083333333333
"291","Netherlands",1990,22425,11.3475
"292","New Zealand",1990,14734,15.5475
"293","Norway",1990,30240,15.9425
"294","Paraguay",1990,1600,3.75083333333333
"295","Poland",1990,1876,14.3866666666667
"296","Portugal",1990,8356,12.5175
"297","Puerto Rico",1990,9552,15.1316666666667
"298","Republic of Korea",1990,7056,10.0441666666667
"299","Romania",1990,1822,10.4933333333333
"300","Russian Federation",1990,3789,33.2641666666667
"301","Saint Kitts and Nevis",1990,5339,0
"302","Saint Lucia",1990,4015,2.24333333333333
"303","Saint Vincent and Grenadines",1990,2553,6.005
"304","Singapore",1990,14393,22.6691666666667
"305","Spain",1990,14517,10.77
"306","Suriname",1990,1114,17.8408333333333
"307","Sweden",1990,32246,18.5041666666667
"308","Thailand",1990,1666,7.99333333333333
"309","Trinidad and Tobago",1990,4656,15.5316666666667
"310","Turkmenistan",1990,1036,14.3341666666667
"311","Ukraine",1990,1698,24.725
"312","United Kingdom",1990,20411,8.61166666666667
"313","United States",1990,26004,15.65
"314","Uruguay",1990,3281,15.0558333333333
"315","Uzbekistan",1990,778,10.78
"316","Antigua and Barbuda",1991,7976,0
"317","Argentina",1991,6404,9.93666666666667
"318","Armenia",1991,640,3.8225
"319","Australia",1991,20320,15.0125
"320","Austria",1991,23808,29.6225
"321","Azerbaijan",1991,1398,2.68583333333333
"322","Barbados",1991,8469,6.41083333333333
"323","Belarus",1991,1899,24.8033333333333
"324","Belgium",1991,22523,22.0016666666667
"325","Belize",1991,2742,1.99416666666667
"326","Brazil",1991,4490,5.695
"327","Bulgaria",1991,1298,22.4116666666667
"328","Canada",1991,24038,13.9816666666667
"329","Chile",1991,3187,8.23583333333333
"330","Colombia",1991,1348,3.63083333333333
"331","Costa Rica",1991,2651,5.14333333333333
"332","Czech Republic",1991,3070,24.3341666666667
"333","Ecuador",1991,1869,5.58
"334","El Salvador",1991,1148,14.275
"335","Finland",1991,27214,31.465
"336","France",1991,23821,24.8416666666667
"337","Georgia",1991,1267,4.42083333333333
"338","Germany",1991,24662,21.5091666666667
"339","Greece",1991,10816,4.5475
"340","Grenada",1991,3650,0
"341","Guatemala",1991,1194,2.79333333333333
"342","Guyana",1991,514,19.4033333333333
"343","Hungary",1991,3561,47.9166666666667
"344","Iceland",1991,28857,16.6441666666667
"345","Ireland",1991,15328,10.5441666666667
"346","Israel",1991,15267,11.6116666666667
"347","Italy",1991,22805,9.65583333333333
"348","Jamaica",1991,1889,0.075
"349","Japan",1991,30688,19.5425
"350","Kazakhstan",1991,1664,26.555
"351","Kiribati",1991,768,15.1283333333333
"352","Kyrgyzstan",1991,677,20.5491666666667
"353","Luxembourg",1991,39465,23.4025
"354","Malta",1991,8313,2.52833333333333
"355","Mauritius",1991,3045,16.3991666666667
"356","Mexico",1991,4204,3.97416666666667
"357","Netherlands",1991,22906,12.5408333333333
"358","New Zealand",1991,13345,14.6233333333333
"359","Norway",1991,30678,16.235
"360","Paraguay",1991,1907,2.26166666666667
"361","Poland",1991,2416,15.0225
"362","Portugal",1991,9483,13.7633333333333
"363","Puerto Rico",1991,9974,15.4008333333333
"364","Republic of Korea",1991,8145,9.68166666666667
"365","Romania",1991,1351,11.115
"366","Russian Federation",1991,3773,33.0333333333333
"367","Saint Kitts and Nevis",1991,5368,0
"368","Saint Lucia",1991,4194,8.67416666666667
"369","Singapore",1991,17768,19.115
"370","Spain",1991,15574,10.1533333333333
"371","Suriname",1991,1235,17.955
"372","Sweden",1991,33623,18.1283333333333
"373","Thailand",1991,1891,7.205
"374","Trinidad and Tobago",1991,4817,12.795
"375","Turkmenistan",1991,1014,10.5783333333333
"376","Ukraine",1991,1607,24.8258333333333
"377","United Kingdom",1991,21201,8.23333333333333
"378","United States",1991,26503,15.3141666666667
"379","Uzbekistan",1991,788,10.3483333333333
"380","Albania",1992,251,1.5
"381","Antigua and Barbuda",1992,8087,0
"382","Argentina",1992,7615,10.5716666666667
"383","Armenia",1992,385,3.405
"384","Australia",1992,20050,14.22
"385","Austria",1992,26450,28.4783333333333
"386","Azerbaijan",1992,784,2.89833333333333
"387","Barbados",1992,8129,5.29416666666667
"388","Belarus",1992,1780,26.1866666666667
"389","Belgium",1992,25036,22.1566666666667
"390","Brazil",1992,2924,5.41
"391","Bulgaria",1992,1287,25.8833333333333
"392","Canada",1992,22393,13.6333333333333
"393","Chile",1992,3791,6.57333333333333
"394","Colombia",1992,1664,4.12333333333333
"395","Costa Rica",1992,3070,6.045
"396","Cuba",1992,2227,30.8091666666667
"397","Czech Republic",1992,3573,25.2675
"398","Ecuador",1992,1955,6.31666666666667
"399","El Salvador",1992,1266,10.0516666666667
"400","Finland",1992,23857,29.1558333333333
"401","France",1992,26136,25.1225
"402","Georgia",1992,740,5.04
"403","Germany",1992,27888,20.8366666666667
"404","Greece",1992,11818,4.0775
"405","Grenada",1992,3713,0
"406","Guatemala",1992,1294,3.1875
"407","Guyana",1992,561,15.1791666666667
"408","Hungary",1992,3970,47.5216666666667
"409","Iceland",1992,29311,10.2408333333333
"410","Ireland",1992,17051,11.4891666666667
"411","Israel",1992,16469,10.9125
"412","Italy",1992,24297,9.62333333333333
"413","Japan",1992,33320,20.0233333333333
"414","Kazakhstan",1992,1644,26.9608333333333
"415","Kiribati",1992,759,6.815
"416","Kyrgyzstan",1992,603,18.4516666666667
"417","Luxembourg",1992,43740,19.0308333333333
"418","Malta",1992,9040,7.26166666666667
"419","Mauritius",1992,3400,16.5825
"420","Mexico",1992,4830,4.33916666666667
"421","Netherlands",1992,25205,11.9575
"422","New Zealand",1992,12868,15.2991666666667
"423","Norway",1992,32793,15.1366666666667
"424","Philippines",1992,958,0.8175
"425","Poland",1992,2650,16.2025
"426","Portugal",1992,11445,12.3583333333333
"427","Puerto Rico",1992,10533,11.2758333333333
"428","Republic of Korea",1992,8671,10.6158333333333
"429","Romania",1992,1183,13.6816666666667
"430","Russian Federation",1992,3333,36.4566666666667
"431","Saint Kitts and Nevis",1992,5868,0
"432","Saint Lucia",1992,4564,8.17583333333333
"433","Singapore",1992,20029,17.1183333333333
"434","Slovakia",1992,3143,17.8525
"435","Spain",1992,17005,9.9175
"436","Suriname",1992,1093,11.4966666666667
"437","Sweden",1992,34721,16.7316666666667
"438","Thailand",1992,2120,6.925
"439","Trinidad and Tobago",1992,4803,16.1991666666667
"440","Turkmenistan",1992,984,9.32083333333333
"441","Ukraine",1992,1525,26.8741666666667
"442","United Kingdom",1992,21815,8.22916666666667
"443","United States",1992,27760,14.8141666666667
"444","Uzbekistan",1992,709,9.27416666666667
"445","Albania",1993,437,2.71333333333333
"446","Antigua and Barbuda",1993,8453,1.25
"447","Argentina",1993,7768,11.2308333333333
"448","Armenia",1993,357,4.25416666666667
"449","Australia",1993,19030,12.9125
"450","Austria",1993,25611,28.9966666666667
"451","Azerbaijan",1993,617,2.62666666666667
"452","Bahamas",1993,12698,3.12583333333333
"453","Barbados",1993,8540,7.5775
"454","Belarus",1993,1689,30.4258333333333
"455","Belgium",1993,23875,25.0391666666667
"456","Belize",1993,3278,0.540833333333333
"457","Brazil",1993,3136,5.655
"458","Bulgaria",1993,1354,23.1966666666667
"459","Canada",1993,21421,13.6683333333333
"460","Chile",1993,4006,8.59833333333333
"461","Colombia",1993,1845,4.1025
"462","Costa Rica",1993,3342,8.23583333333333
"463","Cuba",1993,2236,32.7441666666667
"464","Czech Republic",1993,4186,24.8033333333333
"465","Ecuador",1993,1996,5.90916666666667
"466","El Salvador",1993,1423,10.3075
"467","Finland",1993,18826,27.75
"468","France",1993,24521,26.0575
"469","Germany",1993,26937,19.625
"470","Greece",1993,10957,4.425
"471","Grenada",1993,3632,2.85083333333333
"472","Guatemala",1993,1381,2.5975
"473","Guyana",1993,671,9.73416666666667
"474","Hungary",1993,4116,44.94
"475","Iceland",1993,25474,9.085
"476","Ireland",1993,15872,9.7625
"477","Israel",1993,16102,11.4358333333333
"478","Italy",1993,19605,10.095
"479","Japan",1993,37832,18.675
"480","Kazakhstan",1993,1527,31.3741666666667
"481","Kiribati",1993,735,17.0183333333333
"482","Kuwait",1993,18798,1.08416666666667
"483","Kyrgyzstan",1993,528,21.5658333333333
"484","Luxembourg",1993,44320,17.33
"485","Malta",1993,8022,3.96166666666667
"486","Mauritius",1993,3405,14.5825
"487","Mexico",1993,6518,4.33333333333333
"488","Netherlands",1993,24385,11.3316666666667
"489","New Zealand",1993,14271,13.665
"490","Norway",1993,30066,14.8375
"491","Philippines",1993,957,1.83083333333333
"492","Poland",1993,2683,15.6541666666667
"493","Portugal",1993,10098,10.4858333333333
"494","Puerto Rico",1993,11146,12.6041666666667
"495","Republic of Korea",1993,9479,13.29
"496","Romania",1993,1237,13.5058333333333
"497","Russian Federation",1993,3160,43.505
"498","Saint Lucia",1993,4568,6.27333333333333
"499","Singapore",1993,22835,19.595
"500","Slovakia",1993,3334,16.2783333333333
"501","Spain",1993,14106,10.0708333333333
"502","Sweden",1993,25880,16.7475
"503","Trinidad and Tobago",1993,4066,13.4608333333333
"504","Turkmenistan",1993,954,9.61916666666667
"505","Ukraine",1993,1349,29.3425
"506","United Kingdom",1993,19553,8.07083333333333
"507","United States",1993,28891,14.9266666666667
"508","Uruguay",1993,5180,18.585
"509","Uzbekistan",1993,708,9.31333333333333
"510","Albania",1994,697,2.68166666666667
"511","Antigua and Barbuda",1994,9062,0
"512","Argentina",1994,8328,10.1708333333333
"513","Armenia",1994,387,5.56083333333333
"514","Australia",1994,19469,13.9791666666667
"515","Austria",1994,27274,28.635
"516","Azerbaijan",1994,508,1.00333333333333
"517","Bahamas",1994,13073,0.883333333333333
"518","Barbados",1994,8953,5.59
"519","Belarus",1994,1547,33.6316666666667
"520","Belgium",1994,25922,25.0333333333333
"521","Belize",1994,3399,13.7275
"522","Brazil",1994,3925,5.95916666666667
"523","Bulgaria",1994,1213,24.0325
"524","Canada",1994,21219,13.4925
"525","Chile",1994,4551,7.945
"526","Colombia",1994,2646,4.6625
"527","Costa Rica",1994,3562,6.7325
"528","Cuba",1994,2820,30.2758333333333
"529","Czech Republic",1994,4891,24.44
"530","Denmark",1994,32034,21.1016666666667
"531","Ecuador",1994,2335,5.63916666666667
"532","Finland",1994,21699,27.52
"533","France",1994,25697,24.9958333333333
"534","Georgia",1994,556,3.10833333333333
"535","Germany",1994,28588,19.2325
"536","Greece",1994,11638,3.90333333333333
"537","Grenada",1994,3735,5.06833333333333
"538","Guatemala",1994,1538,2.15833333333333
"539","Guyana",1994,819,13.5166666666667
"540","Hungary",1994,4431,44.6508333333333
"541","Iceland",1994,25937,10.4533333333333
"542","Ireland",1994,17188,11.9016666666667
"543","Israel",1994,17814,12.4908333333333
"544","Italy",1994,20235,9.91083333333333
"545","Japan",1994,41563,19.0791666666667
"546","Kazakhstan",1994,1395,34.5566666666667
"547","Kiribati",1994,845,12.5333333333333
"548","Kuwait",1994,17161,1.53916666666667
"549","Kyrgyzstan",1994,437,21.1925
"550","Luxembourg",1994,48610,23.1033333333333
"551","Macau",1994,18081,14.3116666666667
"552","Malta",1994,8775,5.39083333333333
"553","Mauritius",1994,3658,12.8875
"554","Mexico",1994,6735,4.66
"555","Netherlands",1994,25997,11.4133333333333
"556","New Zealand",1994,16615,16.5525
"557","Norway",1994,31520,12.5441666666667
"558","Paraguay",1994,1981,3.705
"559","Poland",1994,3081,15.4966666666667
"560","Portugal",1994,10566,10.3183333333333
"561","Puerto Rico",1994,11871,12.2733333333333
"562","Republic of Korea",1994,11073,13.7833333333333
"563","Romania",1994,1406,14.3983333333333
"564","Russian Federation",1994,2853,47.3033333333333
"565","Saint Lucia",1994,4704,3.81666666666667
"566","Singapore",1994,27202,20.5708333333333
"567","Slovakia",1994,4036,15.42
"568","Spain",1994,14223,10.36
"569","Sweden",1994,27658,16.3075
"570","Thailand",1994,2784,4.68916666666667
"571","Trinidad and Tobago",1994,4254,13.2833333333333
"572","Turkmenistan",1994,748,9.74333333333333
"573","Ukraine",1994,1081,32.0241666666667
"574","United Kingdom",1994,20927,7.89666666666667
"575","United States",1994,30375,14.6691666666667
"576","Uruguay",1994,5984,17.8333333333333
"577","Uzbekistan",1994,674,9.2375
"578","Albania",1995,835,3.37916666666667
"579","Antigua and Barbuda",1995,8636,0
"580","Argentina",1995,8232,9.9975
"581","Armenia",1995,426,4.31583333333333
"582","Aruba",1995,17949,25.7091666666667
"583","Australia",1995,21902,12.9325
"584","Austria",1995,32237,29.0075
"585","Azerbaijan",1995,462,1.19
"586","Bahamas",1995,13473,0.596666666666667
"587","Barbados",1995,9378,6.02416666666667
"588","Belarus",1995,1444,33.6675
"589","Belgium",1995,30394,23.825
"590","Belize",1995,3436,11.9975
"591","Brazil",1995,5313,6.27
"592","Bulgaria",1995,1636,23.1541666666667
"593","Canada",1995,21871,13.6266666666667
"594","Chile",1995,5695,9.07583333333333
"595","Colombia",1995,2796,4.13666666666667
"596","Costa Rica",1995,3672,6.59833333333333
"597","Croatia",1995,4978,25.4616666666667
"598","Cuba",1995,2993,29.3966666666667
"599","Czech Republic",1995,6134,22.0333333333333
"600","Denmark",1995,37841,19.9275
"601","Ecuador",1995,2453,5.685
"602","El Salvador",1995,1845,13.2658333333333
"603","Estonia",1995,3224,45.2658333333333
"604","Finland",1995,28068,27.08
"605","France",1995,29363,24.385
"606","Georgia",1995,611,3.395
"607","Germany",1995,33420,19.465
"608","Greece",1995,13550,4.14
"609","Grenada",1995,3869,4.32916666666667
"610","Guatemala",1995,1696,2.84416666666667
"611","Guyana",1995,939,17.3933333333333
"612","Hungary",1995,4767,41.1183333333333
"613","Iceland",1995,28680,10.805
"614","Ireland",1995,20689,11.9866666666667
"615","Israel",1995,20159,10.6191666666667
"616","Italy",1995,21625,9.83416666666667
"617","Japan",1995,46043,19.0108333333333
"618","Kazakhstan",1995,1359,37.8891666666667
"619","Kiribati",1995,855,4.72583333333333
"620","Kuwait",1995,17995,1.06166666666667
"621","Kyrgyzstan",1995,425,19.9808333333333
"622","Latvia",1995,2438,45.4683333333333
"623","Lithuania",1995,2324,53.275
"624","Luxembourg",1995,56499,17.5066666666667
"625","Malta",1995,9974,3.91833333333333
"626","Mauritius",1995,4115,15.2208333333333
"627","Mexico",1995,4505,4.92416666666667
"628","Netherlands",1995,30850,10.4183333333333
"629","New Zealand",1995,18945,16.6183333333333
"630","Norway",1995,37483,13.0291666666667
"631","Paraguay",1995,2223,3.36083333333333
"632","Poland",1995,3937,15.1416666666667
"633","Portugal",1995,12469,10.7441666666667
"634","Puerto Rico",1995,12636,10.0725
"635","Qatar",1995,17559,0
"636","Republic of Korea",1995,13217,14.94
"637","Romania",1995,1756,13.015
"638","Russian Federation",1995,2844,45.615
"639","Saint Lucia",1995,4947,6.80916666666667
"640","Saint Vincent and Grenadines",1995,3293,7.1175
"641","Singapore",1995,31783,23.5633333333333
"642","Slovakia",1995,5141,16.5583333333333
"643","Slovenia",1995,11291,32.8225
"644","Spain",1995,16444,10.3175
"645","Suriname",1995,1782,15.21
"646","Sweden",1995,32072,15.9766666666667
"647","Switzerland",1995,51774,23.5891666666667
"648","Thailand",1995,3114,7.79333333333333
"649","Trinidad and Tobago",1995,4637,20.2441666666667
"650","Turkmenistan",1995,650,7.53666666666667
"651","Ukraine",1995,996,33.0558333333333
"652","United Kingdom",1995,24389,7.695
"653","United States",1995,31518,14.4241666666667
"654","Uruguay",1995,6555,19.8283333333333
"655","Uzbekistan",1995,681,9.275
"656","Albania",1996,1127,3.635
"657","Argentina",1996,8563,9.83583333333333
"658","Armenia",1996,458,3.0875
"659","Australia",1996,23526,14.6116666666667
"660","Austria",1996,31660,28.5541666666667
"661","Azerbaijan",1996,476,1.48583333333333
"662","Bahamas",1996,14297,0.818333333333333
"663","Belarus",1996,1524,37.9758333333333
"664","Belgium",1996,29438,22.295
"665","Belize",1996,3545,5.1075
"666","Brazil",1996,5771,6.11083333333333
"667","Bulgaria",1996,1270,24.6833333333333
"668","Canada",1996,22686,13.5741666666667
"669","Chile",1996,5946,7.97583333333333
"670","Colombia",1996,2883,4.43083333333333
"671","Costa Rica",1996,3639,7.905
"672","Croatia",1996,5610,27.8991666666667
"673","Cuba",1996,2443,26.3525
"674","Czech Republic",1996,6861,20.29
"675","Denmark",1996,38158,19.13
"676","Ecuador",1996,2474,6.36166666666667
"677","El Salvador",1996,1959,12.0966666666667
"678","Estonia",1996,3536,44.06
"679","Finland",1996,27508,24.1375
"680","France",1996,29305,22.6016666666667
"681","Georgia",1996,718,4.975
"682","Germany",1996,32147,18.035
"683","Greece",1996,14330,3.76083333333333
"684","Grenada",1996,4087,0.996666666666667
"685","Guatemala",1996,1775,2.50416666666667
"686","Guyana",1996,1070,10.6925
"687","Hungary",1996,4792,40.2283333333333
"688","Iceland",1996,29740,14.7791666666667
"689","Ireland",1996,22478,12.1283333333333
"690","Israel",1996,21545,9.20916666666667
"691","Italy",1996,24172,9.62083333333333
"692","Japan",1996,40693,19.04
"693","Kazakhstan",1996,1452,37.7366666666667
"694","Kiribati",1996,991,6.44583333333333
"695","Kuwait",1996,20076,1.5275
"696","Kyrgyzstan",1996,459,17.2116666666667
"697","Latvia",1996,2526,41.0008333333333
"698","Lithuania",1996,2484,49.6341666666667
"699","Luxembourg",1996,56169,19.1041666666667
"700","Malta",1996,10254,3.9525
"701","Mauritius",1996,4444,13.845
"702","Mexico",1996,4904,4.69416666666667
"703","Netherlands",1996,30625,11.2558333333333
"704","New Zealand",1996,20434,16.2608333333333
"705","Norway",1996,40098,12.8275
"706","Panama",1996,3992,5.53166666666667
"707","Paraguay",1996,2341,2.78833333333333
"708","Poland",1996,4413,14.8508333333333
"709","Portugal",1996,12887,9.6475
"710","Puerto Rico",1996,13328,11.6508333333333
"711","Republic of Korea",1996,14071,18.0825
"712","Romania",1996,1738,13.3316666666667
"713","Russian Federation",1996,2813,43.8566666666667
"714","Saint Lucia",1996,5031,5.08583333333333
"715","Saint Vincent and Grenadines",1996,3450,7.08833333333333
"716","Singapore",1996,34148,17.4116666666667
"717","Slovakia",1996,5529,14.5416666666667
"718","Slovenia",1996,11346,35.0925
"719","South Africa",1996,3908,0.669166666666667
"720","Spain",1996,17166,10.5441666666667
"721","Sri Lanka",1996,834,32.9758333333333
"722","Suriname",1996,2174,7.0225
"723","Sweden",1996,34819,14.8533333333333
"724","Switzerland",1996,49621,23.3241666666667
"725","Thailand",1996,3324,7.75416666666667
"726","Trinidad and Tobago",1996,4982,16.3633333333333
"727","Turkmenistan",1996,608,8.63666666666667
"728","Ukraine",1996,925,33.6183333333333
"729","United Kingdom",1996,25609,7.36
"730","United States",1996,32928,13.8708333333333
"731","Uruguay",1996,6914,15.6608333333333
"732","Uzbekistan",1996,703,10.4216666666667
"733","Albania",1997,793,6.4525
"734","Argentina",1997,9057,9.28333333333333
"735","Armenia",1997,465,2.68583333333333
"736","Australia",1997,25234,15.5775
"737","Austria",1997,28325,24.7916666666667
"738","Azerbaijan",1997,590,1.54916666666667
"739","Bahamas",1997,24740,0.595833333333333
"740","Bahrain",1997,11985,0
"741","Belarus",1997,1458,37.2083333333333
"742","Belgium",1997,26609,23.7283333333333
"743","Belize",1997,3487,0.480833333333333
"744","Brazil",1997,5891,6.4
"745","Bulgaria",1997,1411,23.03
"746","Canada",1997,23245,12.6191666666667
"747","Chile",1997,6368,8.34416666666667
"748","Colombia",1997,3106,4.3975
"749","Costa Rica",1997,3827,6.71916666666667
"750","Croatia",1997,5546,26.1416666666667
"751","Cuba",1997,2472,26.45
"752","Czech Republic",1997,6314,19.5108333333333
"753","Denmark",1997,35148,18.205
"754","Ecuador",1997,2701,5.585
"755","El Salvador",1997,2065,11.6666666666667
"756","Estonia",1997,3806,41.8383333333333
"757","Finland",1997,26296,25.8625
"758","France",1997,26394,22.1941666666667
"759","Georgia",1997,828,5.05416666666667
"760","Germany",1997,28420,17.58
"761","Greece",1997,13968,3.97166666666667
"762","Guatemala",1997,1967,2.20916666666667
"763","Guyana",1997,1139,6.8875
"764","Hungary",1997,4856,39.2033333333333
"765","Iceland",1997,30326,13.6683333333333
"766","Ireland",1997,24259,13.0125
"767","Israel",1997,21921,10.5483333333333
"768","Italy",1997,22869,9.75333333333333
"769","Japan",1997,37080,19.7816666666667
"770","Kazakhstan",1997,1540,36.145
"771","Kiribati",1997,988,6.33833333333333
"772","Kuwait",1997,18766,1.66166666666667
"773","Kyrgyzstan",1997,435,15.9041666666667
"774","Latvia",1997,2771,41.0475
"775","Lithuania",1997,3008,47.12
"776","Luxembourg",1997,50260,25.6333333333333
"777","Malta",1997,10575,5.89
"778","Mauritius",1997,4139,11.9641666666667
"779","Mexico",1997,5864,4.75583333333333
"780","Netherlands",1997,28156,11.3808333333333
"781","New Zealand",1997,19041,16.5233333333333
"782","Norway",1997,39335,13.2175
"783","Panama",1997,4227,6.9325
"784","Paraguay",1997,2326,2.965
"785","Philippines",1997,1312,1.68666666666667
"786","Portugal",1997,12237,8.515
"787","Puerto Rico",1997,14037,8.27166666666667
"788","Republic of Korea",1997,12978,18.9
"789","Romania",1997,1677,13.4666666666667
"790","Russian Federation",1997,2907,42.3408333333333
"791","Saint Lucia",1997,5053,9.795
"792","Saint Vincent and Grenadines",1997,3613,2.50166666666667
"793","Singapore",1997,34779,17.2208333333333
"794","Slovakia",1997,5468,13.675
"795","Slovenia",1997,11014,34.175
"796","South Africa",1997,3960,0.4125
"797","Spain",1997,15738,10.9433333333333
"798","Sri Lanka",1997,900,39.3416666666667
"799","Suriname",1997,2314,9.64083333333333
"800","Sweden",1997,31821,13.9325
"801","Switzerland",1997,42923,22.2308333333333
"802","Thailand",1997,2689,7.1975
"803","Trinidad and Tobago",1997,4937,15.7825
"804","Turkmenistan",1997,612,8.41416666666667
"805","Ukraine",1997,1046,32.9725
"806","United Kingdom",1997,28091,7.39833333333333
"807","United States",1997,34644,13.4966666666667
"808","Uruguay",1997,8012,19.4925
"809","Uzbekistan",1997,724,9.215
"810","Albania",1998,899,5.54333333333333
"811","Antigua and Barbuda",1998,10078,0
"812","Argentina",1998,9126,9.74416666666667
"813","Armenia",1998,532,2.285
"814","Australia",1998,22897,14.7008333333333
"815","Austria",1998,28972,24.115
"816","Azerbaijan",1998,631,0.889166666666667
"817","Bahamas",1998,26269,0.924166666666667
"818","Bahrain",1998,11325,0
"819","Belarus",1998,1570,37.97
"820","Belgium",1998,27087,22.0616666666667
"821","Belize",1998,3531,6.815
"822","Brazil",1998,5663,6.25416666666667
"823","Bulgaria",1998,1852,25.3841666666667
"824","Canada",1998,22268,12.51
"825","Chile",1998,6023,9.1475
"826","Colombia",1998,2814,6.80666666666667
"827","Costa Rica",1998,4046,7.67416666666667
"828","Croatia",1998,6015,28.6916666666667
"829","Cuba",1998,2497,27.2483333333333
"830","Czech Republic",1998,6779,18.8916666666667
"831","Denmark",1998,35710,15.7233333333333
"832","Ecuador",1998,2626,5.1725
"833","El Salvador",1998,2185,10.2358333333333
"834","Estonia",1998,4250,35.6266666666667
"835","Finland",1998,27646,25.1191666666667
"836","France",1998,27190,21.1375
"837","Georgia",1998,858,4.10833333333333
"838","Germany",1998,28733,16.7091666666667
"839","Greece",1998,14008,4.0225
"840","Guatemala",1998,2091,3.08833333333333
"841","Guyana",1998,1092,5.405
"842","Hungary",1998,5010,36.3983333333333
"843","Iceland",1998,33513,11.7575
"844","Ireland",1998,26115,13.5141666666667
"845","Israel",1998,21637,8.3425
"846","Italy",1998,23342,9.48666666666667
"847","Japan",1998,33791,25.55
"848","Kazakhstan",1998,1599,36.71
"849","Kiribati",1998,939,4.20416666666667
"850","Kuwait",1998,14209,1.35083333333333
"851","Kyrgyzstan",1998,398,15.4116666666667
"852","Latvia",1998,3061,36.82
"853","Lithuania",1998,3354,47.1966666666667
"854","Luxembourg",1998,50788,16.7708333333333
"855","Malta",1998,11103,2.5525
"856","Mauritius",1998,4063,12.8975
"857","Mexico",1998,6064,4.73666666666667
"858","Netherlands",1998,29351,10.7083333333333
"859","New Zealand",1998,16052,16.7558333333333
"860","Norway",1998,37334,12.805
"861","Panama",1998,4488,6.39083333333333
"862","Paraguay",1998,2057,4.04583333333333
"863","Philippines",1998,1124,1.8375
"864","Portugal",1998,12892,7.255
"865","Puerto Rico",1998,15610,10.9225
"866","Republic of Korea",1998,8624,25.1933333333333
"867","Romania",1998,1967,13.4408333333333
"868","Russian Federation",1998,1948,39.5616666666667
"869","Saint Lucia",1998,5407,9.91916666666667
"870","Saint Vincent and Grenadines",1998,3874,16.2016666666667
"871","Serbia",1998,2547,25.5875
"872","Singapore",1998,29150,17.9466666666667
"873","Slovakia",1998,5871,13.4866666666667
"874","Slovenia",1998,11767,34.4666666666667
"875","South Africa",1998,3512,0.641666666666667
"876","Spain",1998,16473,10.3366666666667
"877","Sri Lanka",1998,935,37.5958333333333
"878","Suriname",1998,2318,8.49583333333333
"879","Sweden",1998,31966,14.65
"880","Switzerland",1998,43872,22.785
"881","Thailand",1998,2005,8.29666666666667
"882","Trinidad and Tobago",1998,5175,16.3366666666667
"883","Turkmenistan",1998,636,11.375
"884","Ukraine",1998,879,32.5125
"885","United Kingdom",1998,29508,7.56333333333333
"886","United States",1998,36164,13.3758333333333
"887","Uruguay",1998,8420,22.0066666666667
"888","Uzbekistan",1998,719,9.025
"889","Albania",1999,1127,5.8175
"890","Antigua and Barbuda",1999,10378,0
"891","Argentina",1999,8546,9.76583333333333
"892","Armenia",1999,515,2.05666666666667
"893","Aruba",1999,21027,9.6225
"894","Australia",1999,22016,13.9291666666667
"895","Austria",1999,28722,23.3583333333333
"896","Azerbaijan",1999,645,0.715
"897","Bahamas",1999,29019,1.91333333333333
"898","Bahrain",1999,11703,1.87166666666667
"899","Belarus",1999,1269,37.53
"900","Belgium",1999,26969,19.225
"901","Belize",1999,3615,6.97666666666667
"902","Brazil",1999,3864,5.6375
"903","Bulgaria",1999,1715,20.8925
"904","Canada",1999,23572,13.2033333333333
"905","Chile",1999,5470,9.32166666666667
"906","Colombia",1999,2419,7.00833333333333
"907","Costa Rica",1999,4115,7.08833333333333
"908","Croatia",1999,5459,27.2733333333333
"909","Cuba",1999,2741,25.51
"910","Cyprus",1999,12389,0.130833333333333
"911","Czech Republic",1999,6606,19.7441666666667
"912","Denmark",1999,35763,15.2575
"913","Ecuador",1999,1805,5.99416666666667
"914","El Salvador",1999,2229,10.6633333333333
"915","Estonia",1999,4361,40.5391666666667
"916","Finland",1999,27800,23.5925
"917","France",1999,27118,20.4858333333333
"918","Georgia",1999,669,5.715
"919","Germany",1999,28154,15.77
"920","Greece",1999,13756,3.81166666666667
"921","Guatemala",1999,1926,3.04166666666667
"922","Guyana",1999,1057,26.135
"923","Hungary",1999,5147,40.3233333333333
"924","Iceland",1999,34858,10.7433333333333
"925","Ireland",1999,28344,11.7683333333333
"926","Israel",1999,21319,8.54833333333333
"927","Italy",1999,23002,8.31
"928","Japan",1999,38164,24.9083333333333
"929","Kazakhstan",1999,1225,33.9775
"930","Kiribati",1999,973,0
"931","Kuwait",1999,15864,1.40166666666667
"932","Kyrgyzstan",1999,291,15.9533333333333
"933","Latvia",1999,3228,35.0341666666667
"934","Lithuania",1999,3292,46.7941666666667
"935","Luxembourg",1999,55054,17.6658333333333
"936","Malta",1999,11607,7.64666666666667
"937","Mauritius",1999,4117,15.5033333333333
"938","Mexico",1999,6800,4.57416666666667
"939","Netherlands",1999,29799,10.2633333333333
"940","New Zealand",1999,16556,14.7333333333333
"941","Norway",1999,39013,13.6108333333333
"942","Panama",1999,4606,6.46916666666667
"943","Paraguay",1999,1868,3.70166666666667
"944","Philippines",1999,1262,2.07333333333333
"945","Poland",1999,4640,15.3458333333333
"946","Portugal",1999,13180,7.455
"947","Puerto Rico",1999,16560,9.77583333333333
"948","Republic of Korea",1999,11074,21.46
"949","Romania",1999,1698,13.1891666666667
"950","Russian Federation",1999,1412,42.5108333333333
"951","Saint Lucia",1999,5590,6.245
"952","Saint Vincent and Grenadines",1999,4041,5.48333333333333
"953","San Marino",1999,48255,5.3625
"954","Serbia",1999,2570,28.7275
"955","Singapore",1999,28789,13.8708333333333
"956","Slovakia",1999,5966,14.34
"957","Slovenia",1999,12041,32.78
"958","South Africa",1999,3424,0.905833333333333
"959","Spain",1999,16756,9.92333333333333
"960","Sri Lanka",1999,920,37.1033333333333
"961","Suriname",1999,2142,18.0583333333333
"962","Sweden",1999,32328,14.3866666666667
"963","Switzerland",1999,42859,20.9983333333333
"964","Thailand",1999,2203,9.08583333333333
"965","Trinidad and Tobago",1999,5803,12.11
"966","Turkmenistan",1999,619,12.0883333333333
"967","Ukraine",1999,666,31.3383333333333
"968","United Kingdom",1999,29832,7.70333333333333
"969","United States",1999,38072,12.5641666666667
"970","Uruguay",1999,7903,20.3016666666667
"971","Uzbekistan",1999,801,9.44416666666667
"972","Albania",2000,1299,2.55833333333333
"973","Antigua and Barbuda",2000,11021,3.33083333333333
"974","Argentina",2000,8462,10.9491666666667
"975","Armenia",2000,530,2.85833333333333
"976","Aruba",2000,22333,25.4441666666667
"977","Australia",2000,23219,13.1516666666667
"978","Austria",2000,25922,24.1475
"979","Azerbaijan",2000,711,1.20083333333333
"980","Bahamas",2000,29942,3.38833333333333
"981","Bahrain",2000,15345,2.7275
"982","Barbados",2000,12430,3.09416666666667
"983","Belarus",2000,1335,37.275
"984","Belgium",2000,24592,22.3166666666667
"985","Belize",2000,3960,13.4
"986","Brazil",2000,4156,5.68583333333333
"987","Bulgaria",2000,1680,21.6016666666667
"988","Canada",2000,25589,11.5833333333333
"989","Chile",2000,5584,12.4316666666667
"990","Colombia",2000,2755,7.48166666666667
"991","Costa Rica",2000,4233,7.3575
"992","Croatia",2000,5288,26.8958333333333
"993","Cuba",2000,2940,22.7308333333333
"994","Cyprus",2000,11635,0.696666666666667
"995","Czech Republic",2000,6278,18.8866666666667
"996","Denmark",2000,32841,15.0891666666667
"997","Ecuador",2000,1650,4.76416666666667
"998","El Salvador",2000,2303,9.2125
"999","Estonia",2000,4262,30.3866666666667
"1000","Finland",2000,25716,22.1375
"1001","France",2000,24648,21.4358333333333
"1002","Georgia",2000,734,3.88666666666667
"1003","Germany",2000,24922,15.4625
"1004","Greece",2000,12509,3.73833333333333
"1005","Guatemala",2000,1977,2.285
"1006","Hungary",2000,4966,38.7133333333333
"1007","Iceland",2000,34372,17.3325
"1008","Ireland",2000,28340,11.8633333333333
"1009","Israel",2000,23451,9.04666666666667
"1010","Italy",2000,21027,8.26833333333333
"1011","Jamaica",2000,3795,0.0966666666666667
"1012","Japan",2000,40813,23.21
"1013","Kazakhstan",2000,1328,35.5041666666667
"1014","Kiribati",2000,928,0
"1015","Kuwait",2000,19112,1.26916666666667
"1016","Kyrgyzstan",2000,313,15.2191666666667
"1017","Latvia",2000,3494,37.7666666666667
"1018","Lithuania",2000,3481,47.65
"1019","Luxembourg",2000,51841,18.5533333333333
"1020","Maldives",2000,2524,0
"1021","Malta",2000,11873,6.50416666666667
"1022","Mauritius",2000,4339,11.735
"1023","Mexico",2000,7892,4.57416666666667
"1024","Montenegro",2000,1701,0
"1025","Netherlands",2000,27644,9.91583333333333
"1026","New Zealand",2000,14725,13.1283333333333
"1027","Norway",2000,41099,12.5275
"1028","Panama",2000,4577,7.13166666666667
"1029","Paraguay",2000,1782,3.565
"1030","Philippines",2000,1205,2.68416666666667
"1031","Poland",2000,4744,15.9175
"1032","Portugal",2000,12152,7.15666666666667
"1033","Puerto Rico",2000,17569,9.02166666666667
"1034","Republic of Korea",2000,12686,20.7158333333333
"1035","Romania",2000,1758,13.2658333333333
"1036","Russian Federation",2000,1879,42.0391666666667
"1037","Saint Lucia",2000,5557,16.4883333333333
"1038","Saint Vincent and Grenadines",2000,4087,3.67583333333333
"1039","San Marino",2000,43435,3.93833333333333
"1040","Serbia",2000,915,27.0133333333333
"1041","Singapore",2000,31446,13.695
"1042","Slovakia",2000,5696,15.0066666666667
"1043","Slovenia",2000,10783,33.6766666666667
"1044","South Africa",2000,3361,0.795
"1045","Spain",2000,15538,10.1841666666667
"1046","Sri Lanka",2000,953,35.6075
"1047","Suriname",2000,2129,10.6608333333333
"1048","Sweden",2000,30896,13.5416666666667
"1049","Switzerland",2000,39952,22.1833333333333
"1050","Thailand",2000,2169,8.84166666666667
"1051","Trinidad and Tobago",2000,6920,16.5266666666667
"1052","Turkmenistan",2000,721,9.34416666666667
"1053","Ukraine",2000,663,31.4325
"1054","United Kingdom",2000,29358,7.2775
"1055","United States",2000,39218,12.215
"1056","Uruguay",2000,7483,22.8558333333333
"1057","Uzbekistan",2000,632,10.0258333333333
"1058","Albania",2001,1451,4.21833333333333
"1059","Antigua and Barbuda",2001,10468,1.62083333333333
"1060","Argentina",2001,7900,11.9633333333333
"1061","Armenia",2001,587,2.48166666666667
"1062","Aruba",2001,22317,2.27333333333333
"1063","Australia",2001,20860,13.2325
"1064","Austria",2001,25848,21.8258333333333
"1065","Azerbaijan",2001,759,5.00416666666667
"1066","Bahamas",2001,30122,0.223333333333333
"1067","Bahrain",2001,14383,2.555
"1068","Barbados",2001,12348,0.720833333333333
"1069","Belarus",2001,1299,34.9708333333333
"1070","Belgium",2001,24494,21.7683333333333
"1071","Belize",2001,4013,12.6416666666667
"1072","Brazil",2001,3492,6.12416666666667
"1073","Bulgaria",2001,1854,20.385
"1074","Canada",2001,25165,11.4525
"1075","Chile",2001,5020,12.2983333333333
"1076","Colombia",2001,2662,7.35583333333333
"1077","Costa Rica",2001,4412,6.33583333333333
"1078","Croatia",2001,5571,23.9616666666667
"1079","Cuba",2001,3037,20.3758333333333
"1080","Czech Republic",2001,6863,18.41
"1081","Denmark",2001,32837,15.5141666666667
"1082","Ecuador",2001,2160,5.60333333333333
"1083","El Salvador",2001,2373,10.8091666666667
"1084","Estonia",2001,4711,30.9733333333333
"1085","Fiji",2001,2307,4.57916666666667
"1086","Finland",2001,26383,22.2658333333333
"1087","France",2001,24796,19.995
"1088","Georgia",2001,777,2.9325
"1089","Germany",2001,24874,15.4816666666667
"1090","Greece",2001,13043,3.23416666666667
"1091","Grenada",2001,5693,0
"1092","Guatemala",2001,1867,2.54916666666667
"1093","Guyana",2001,1054,31.73
"1094","Hungary",2001,5546,34.0816666666667
"1095","Iceland",2001,30850,13.5883333333333
"1096","Ireland",2001,30536,12.4141666666667
"1097","Israel",2001,22623,9.01916666666667
"1098","Italy",2001,21392,7.98916666666667
"1099","Jamaica",2001,3838,0.233333333333333
"1100","Japan",2001,35843,22.2633333333333
"1101","Kazakhstan",2001,1608,35.2075
"1102","Kiribati",2001,854,0
"1103","Kuwait",2001,17116,0.760833333333333
"1104","Kyrgyzstan",2001,345,16.1083333333333
"1105","Latvia",2001,3724,31.9575
"1106","Lithuania",2001,3719,47.415
"1107","Luxembourg",2001,51391,19.985
"1108","Maldives",2001,3406,9.2075
"1109","Malta",2001,11691,7.1075
"1110","Mauritius",2001,4244,10.1533333333333
"1111","Mexico",2001,8311,5.275
"1112","Montenegro",2001,2004,0
"1113","Netherlands",2001,28366,9.69166666666667
"1114","New Zealand",2001,14968,14.9916666666667
"1115","Norway",2001,41281,12.8575
"1116","Panama",2001,4558,7.23083333333333
"1117","Paraguay",2001,1630,4.71
"1118","Philippines",2001,1109,2.25666666666667
"1119","Poland",2001,5249,15.0541666666667
"1120","Portugal",2001,12391,9.64416666666667
"1121","Puerto Rico",2001,19649,8.9075
"1122","Qatar",2001,32510,2.275
"1123","Republic of Korea",2001,11922,22.795
"1124","Romania",2001,1914,12.4258333333333
"1125","Russian Federation",2001,2229,42.0541666666667
"1126","Saint Lucia",2001,5195,4.92333333333333
"1127","Saint Vincent and Grenadines",2001,4418,13.3883333333333
"1128","Serbia",2001,1718,24.75
"1129","Seychelles",2001,8257,7.2975
"1130","Singapore",2001,28774,13.9833333333333
"1131","Slovakia",2001,6020,14.3233333333333
"1132","Slovenia",2001,10979,35.2833333333333
"1133","South Africa",2001,2953,1.03583333333333
"1134","Spain",2001,16169,9.36666666666667
"1135","Sri Lanka",2001,912,29.8383333333333
"1136","Suriname",2001,1798,18.1741666666667
"1137","Sweden",2001,28429,13.9575
"1138","Switzerland",2001,40582,21.8075
"1139","Trinidad and Tobago",2001,7458,17.1108333333333
"1140","Turkmenistan",2001,863,11.1216666666667
"1141","Ukraine",2001,812,29.0116666666667
"1142","United Kingdom",2001,29179,7.095
"1143","United States",2001,40018,12.3516666666667
"1144","Uruguay",2001,6827,19.6766666666667
"1145","Uzbekistan",2001,513,9.66
"1146","Albania",2002,1573,5.20916666666667
"1147","Antigua and Barbuda",2002,10499,0
"1148","Argentina",2002,2840,11.6183333333333
"1149","Armenia",2002,788,3.1725
"1150","Aruba",2002,21987,10.5383333333333
"1151","Australia",2002,21474,12.0566666666667
"1152","Austria",2002,27772,23.0766666666667
"1153","Azerbaijan",2002,820,1.61833333333333
"1154","Bahamas",2002,31432,0.830833333333333
"1155","Bahrain",2002,14572,2.30666666666667
"1156","Barbados",2002,12511,0
"1157","Belarus",2002,1541,34.25
"1158","Belgium",2002,26526,20.655
"1159","Belize",2002,4161,5.80166666666667
"1160","Brazil",2002,3121,5.81416666666667
"1161","Bulgaria",2002,2157,20.6125
"1162","Canada",2002,25570,11.4775
"1163","Chile",2002,4866,12.44
"1164","Colombia",2002,2613,6.78166666666667
"1165","Costa Rica",2002,4485,7.96833333333333
"1166","Croatia",2002,6373,25.3433333333333
"1167","Cuba",2002,3205,20.035
"1168","Czech Republic",2002,8399,17.6791666666667
"1169","Denmark",2002,35435,14.7091666666667
"1170","Ecuador",2002,2472,5.11833333333333
"1171","El Salvador",2002,2421,9.4325
"1172","Estonia",2002,5561,29.8583333333333
"1173","Fiji",2002,2548,9.21166666666667
"1174","Finland",2002,28390,21.2933333333333
"1175","France",2002,26714,19.8866666666667
"1176","Germany",2002,26441,15.33
"1177","Greece",2002,14676,3.19583333333333
"1178","Grenada",2002,5879,0
"1179","Guatemala",2002,2022,3.3775
"1180","Guyana",2002,1090,25.9941666666667
"1181","Hungary",2002,6995,31.8958333333333
"1182","Iceland",2002,34556,10.9366666666667
"1183","Ireland",2002,35154,11.3183333333333
"1184","Israel",2002,20536,7.79083333333333
"1185","Italy",2002,23227,7.88416666666667
"1186","Jamaica",2002,4013,0.0583333333333333
"1187","Japan",2002,34239,22.1533333333333
"1188","Kazakhstan",2002,1788,33.8241666666667
"1189","Kuwait",2002,17668,1.21333333333333
"1190","Kyrgyzstan",2002,359,14.4258333333333
"1191","Latvia",2002,4311,30.6466666666667
"1192","Lithuania",2002,4360,46.3016666666667
"1193","Luxembourg",2002,56484,22.0116666666667
"1194","Maldives",2002,3401,0.82
"1195","Malta",2002,12524,4.60666666666667
"1196","Mauritius",2002,4415,10.9916666666667
"1197","Mexico",2002,8357,4.86333333333333
"1198","Montenegro",2002,2220,0
"1199","Netherlands",2002,30757,9.9775
"1200","New Zealand",2002,18208,12.6691666666667
"1201","Norway",2002,46049,11.75
"1202","Panama",2002,4641,6.57833333333333
"1203","Paraguay",2002,1315,3.62083333333333
"1204","Philippines",2002,1158,2.37833333333333
"1205","Poland",2002,5466,15.2725
"1206","Portugal",2002,13614,14.3191666666667
"1207","Puerto Rico",2002,20325,7.6325
"1208","Republic of Korea",2002,13501,30.0866666666667
"1209","Romania",2002,2231,14.4666666666667
"1210","Russian Federation",2002,2527,40.7125
"1211","Saint Lucia",2002,5155,15.6266666666667
"1212","Saint Vincent and Grenadines",2002,4723,16.9108333333333
"1213","Serbia",2002,2258,24.6591666666667
"1214","Seychelles",2002,9070,12.8433333333333
"1215","Singapore",2002,29048,14.3658333333333
"1216","Slovakia",2002,6869,15.9808333333333
"1217","Slovenia",2002,12362,29.525
"1218","South Africa",2002,2769,0.581666666666667
"1219","Spain",2002,17924,9.63666666666667
"1220","Sri Lanka",2002,951,28.2841666666667
"1221","Suriname",2002,2507,17.8525
"1222","Sweden",2002,31175,13.5591666666667
"1223","Switzerland",2002,43419,22.8083333333333
"1224","Thailand",2002,2305,8.59333333333333
"1225","Trinidad and Tobago",2002,7578,13.2508333333333
"1226","Turkmenistan",2002,1077,9.61916666666667
"1227","Ukraine",2002,920,28.6708333333333
"1228","United Kingdom",2002,31630,6.8925
"1229","United States",2002,40845,12.5016666666667
"1230","Uruguay",2002,4439,27.6408333333333
"1231","Uzbekistan",2002,428,7.94
"1232","Albania",2003,2021,4.88333333333333
"1233","Antigua and Barbuda",2003,10878,2.31833333333333
"1234","Argentina",2003,3668,12.1908333333333
"1235","Armenia",2003,928,2.78583333333333
"1236","Aruba",2003,22345,1.0775
"1237","Australia",2003,25059,11.1533333333333
"1238","Austria",2003,33889,21.4216666666667
"1239","Azerbaijan",2003,948,2.25583333333333
"1240","Bahamas",2003,30704,0.2075
"1241","Bahrain",2003,15756,2.69916666666667
"1242","Barbados",2003,12887,0
"1243","Belarus",2003,1892,37.0716666666667
"1244","Belgium",2003,32538,20.7275
"1245","Belize",2003,4289,4.91666666666667
"1246","Brazil",2003,3376,5.6725
"1247","Bulgaria",2003,2800,17.3041666666667
"1248","Canada",2003,29787,11.4391666666667
"1249","Chile",2003,5208,12.795
"1250","Colombia",2003,2489,6.65416666666667
"1251","Costa Rica",2003,4583,9.65666666666667
"1252","Croatia",2003,8202,23.4741666666667
"1253","Cuba",2003,3409,18.4266666666667
"1254","Czech Republic",2003,10220,19.5733333333333
"1255","Denmark",2003,43129,13.0583333333333
"1256","Ecuador",2003,2755,5.88
"1257","El Salvador",2003,2507,10.7433333333333
"1258","Estonia",2003,7523,28.1866666666667
"1259","Fiji",2003,3192,1.34333333333333
"1260","Finland",2003,34701,20.2875
"1261","France",2003,32656,20.1091666666667
"1262","Germany",2003,31816,15.1033333333333
"1263","Greece",2003,19202,3.38916666666667
"1264","Grenada",2003,6385,5.765
"1265","Guatemala",2003,2079,3.11166666666667
"1266","Guyana",2003,1116,31.8783333333333
"1267","Hungary",2003,8840,31.0033333333333
"1268","Iceland",2003,42174,8.41416666666667
"1269","Ireland",2003,44473,11.2308333333333
"1270","Israel",2003,21133,8.0975
"1271","Italy",2003,28572,7.86833333333333
"1272","Jamaica",2003,3852,0.0758333333333333
"1273","Japan",2003,36926,23.2841666666667
"1274","Kazakhstan",2003,2232,34.3091666666667
"1275","Kuwait",2003,24544,1.37
"1276","Kyrgyzstan",2003,424,11.4883333333333
"1277","Latvia",2003,5364,30.1358333333333
"1278","Lithuania",2003,5778,44.21
"1279","Luxembourg",2003,69768,13.6975
"1280","Maldives",2003,3867,1.29333333333333
"1281","Malta",2003,14444,6.245
"1282","Mauritius",2003,5136,7.835
"1283","Mexico",2003,7779,5.25
"1284","Montenegro",2003,2946,0
"1285","Netherlands",2003,37614,9.44416666666667
"1286","New Zealand",2003,23663,14.3625
"1287","Norway",2003,53533,11.5066666666667
"1288","Panama",2003,4790,8.10333333333333
"1289","Paraguay",2003,1339,4.27916666666667
"1290","Philippines",2003,1169,2.78416666666667
"1291","Poland",2003,5983,15.0125
"1292","Portugal",2003,16671,13.8716666666667
"1293","Puerto Rico",2003,21264,8.0825
"1294","Republic of Korea",2003,14971,37.8433333333333
"1295","Romania",2003,2898,13.3091666666667
"1296","Russian Federation",2003,3141,39.0758333333333
"1297","Saint Lucia",2003,5599,11.105
"1298","Saint Vincent and Grenadines",2003,4902,4.2425
"1299","Serbia",2003,2979,22.6058333333333
"1300","Seychelles",2003,9001,8.33333333333333
"1301","Singapore",2003,30067,14.395
"1302","Slovakia",2003,9138,14.0966666666667
"1303","Slovenia",2003,15568,31.38
"1304","South Africa",2003,4132,0.77
"1305","Spain",2003,22701,9.7075
"1306","Sri Lanka",2003,1077,29.3958333333333
"1307","Suriname",2003,2916,20.5
"1308","Sweden",2003,38997,12.7841666666667
"1309","Switzerland",2003,50639,20.2216666666667
"1310","Thailand",2003,2531,7.59666666666667
"1311","Trinidad and Tobago",2003,9465,13.1875
"1312","Turkmenistan",2003,1431,8.91833333333333
"1313","Ukraine",2003,1097,28.0891666666667
"1314","United Kingdom",2003,36289,6.67916666666667
"1315","United States",2003,42468,12.1366666666667
"1316","Uruguay",2003,3929,21.6041666666667
"1317","Uzbekistan",2003,441,6.83833333333333
"1318","Albania",2004,2544,5.44916666666667
"1319","Antigua and Barbuda",2004,11535,3.005
"1320","Argentina",2004,4683,10.9216666666667
"1321","Aruba",2004,24133,14.7266666666667
"1322","Australia",2004,32454,11.1466666666667
"1323","Austria",2004,38711,21.17
"1324","Azerbaijan",2004,1122,1.5275
"1325","Bahamas",2004,30671,0.494166666666667
"1326","Bahrain",2004,17497,4.5175
"1327","Barbados",2004,13786,0.649166666666667
"1328","Belgium",2004,37661,19.255
"1329","Belize",2004,4449,9.78166666666667
"1330","Brazil",2004,3984,5.85166666666667
"1331","Bulgaria",2004,3485,15.3433333333333
"1332","Canada",2004,33787,10.9716666666667
"1333","Chile",2004,6744,12.9741666666667
"1334","Colombia",2004,3033,7.02083333333333
"1335","Costa Rica",2004,4850,8.39333333333333
"1336","Croatia",2004,9829,25.1866666666667
"1337","Cuba",2004,3611,18.01
"1338","Cyprus",2004,25227,0.764166666666667
"1339","Czech Republic",2004,12226,16.9183333333333
"1340","Denmark",2004,49552,13.4816666666667
"1341","Ecuador",2004,3051,7.0325
"1342","El Salvador",2004,2573,9.29666666666667
"1343","Estonia",2004,9293,24.955
"1344","Fiji",2004,3744,7.54083333333333
"1345","Finland",2004,39793,20.3291666666667
"1346","France",2004,37240,19.3758333333333
"1347","Georgia",2004,1253,5.545
"1348","Germany",2004,35772,14.3525
"1349","Greece",2004,22804,3.41
"1350","Grenada",2004,6428,1.11416666666667
"1351","Guatemala",2004,2215,2.49416666666667
"1352","Guyana",2004,1180,33.3333333333333
"1353","Hungary",2004,10806,30.7891666666667
"1354","Iceland",2004,50528,14.0675
"1355","Ireland",2004,51662,10.785
"1356","Israel",2004,22168,8.20333333333333
"1357","Italy",2004,32704,7.61083333333333
"1358","Jamaica",2004,4119,0.0616666666666667
"1359","Japan",2004,39960,22.1875
"1360","Kazakhstan",2004,3110,34.4883333333333
"1361","Kuwait",2004,29778,1.43833333333333
"1362","Kyrgyzstan",2004,484,11.7775
"1363","Latvia",2004,6644,27.365
"1364","Lithuania",2004,7028,41.9475
"1365","Luxembourg",2004,80639,15.795
"1366","Maldives",2004,4373,0.311666666666667
"1367","Malta",2004,15916,7.15166666666667
"1368","Mauritius",2004,5789,8.41583333333333
"1369","Mexico",2004,8217,5.0625
"1370","Montenegro",2004,3565,0
"1371","Netherlands",2004,42614,9.26333333333333
"1372","New Zealand",2004,27325,13.6175
"1373","Norway",2004,61450,11.7808333333333
"1374","Panama",2004,5144,6.81333333333333
"1375","Paraguay",2004,1598,5.45333333333333
"1376","Poland",2004,7014,15.645
"1377","Puerto Rico",2004,22874,9.07916666666667
"1378","Qatar",2004,45517,1.27083333333333
"1379","Republic of Korea",2004,16708,39.1416666666667
"1380","Romania",2004,3698,12.5991666666667
"1381","Russian Federation",2004,4312,37.3008333333333
"1382","Saint Lucia",2004,5989,5.51416666666667
"1383","Saint Vincent and Grenadines",2004,5286,3.87166666666667
"1384","Serbia",2004,3508,21.8758333333333
"1385","Seychelles",2004,10526,5.2725
"1386","Singapore",2004,34799,13.9566666666667
"1387","Slovakia",2004,11177,12.575
"1388","Slovenia",2004,18067,24.8733333333333
"1389","South Africa",2004,5323,1.0525
"1390","Spain",2004,26372,9.38583333333333
"1391","Suriname",2004,3360,16.8416666666667
"1392","Sweden",2004,44831,13.1175
"1393","Switzerland",2004,56123,20.1891666666667
"1394","Thailand",2004,2849,7.17166666666667
"1395","Trinidad and Tobago",2004,11066,15.69
"1396","Turkmenistan",2004,1624,9.4
"1397","Ukraine",2004,1432,25.5875
"1398","United Kingdom",2004,42486,6.89333333333333
"1399","United States",2004,44867,12.2416666666667
"1400","Uruguay",2004,4463,21.5408333333333
"1401","Uzbekistan",2004,516,5.67
"1402","Albania",2005,2931,0
"1403","Antigua and Barbuda",2005,12649,0
"1404","Argentina",2005,5590,10.6816666666667
"1405","Aruba",2005,24870,8.29833333333333
"1406","Austria",2005,40367,19.6041666666667
"1407","Bahamas",2005,32596,1.11
"1408","Bahrain",2005,19485,3.35166666666667
"1409","Barbados",2005,15230,0.215
"1410","Belgium",2005,39124,19.3125
"1411","Belize",2005,4547,3.84166666666667
"1412","Brazil",2005,5230,6.13333333333333
"1413","Bulgaria",2005,4003,14.8383333333333
"1414","Canada",2005,38218,11.1533333333333
"1415","Chile",2005,8256,12.2858333333333
"1416","Colombia",2005,3742,6.23666666666667
"1417","Costa Rica",2005,5133,6.56083333333333
"1418","Croatia",2005,10722,22.4641666666667
"1419","Cuba",2005,4017,17.1616666666667
"1420","Cyprus",2005,26671,2.06166666666667
"1421","Czech Republic",2005,13961,16.1166666666667
"1422","Denmark",2005,51960,13.6858333333333
"1423","Ecuador",2005,3397,8.06083333333333
"1424","El Salvador",2005,2733,9.64416666666667
"1425","Estonia",2005,10870,21.3691666666667
"1426","Fiji",2005,4104,4.4025
"1427","Finland",2005,41202,19.21
"1428","France",2005,38420,19.3408333333333
"1429","Georgia",2005,1552,2.36333333333333
"1430","Germany",2005,36289,13.4575
"1431","Greece",2005,23414,3.8775
"1432","Grenada",2005,7422,13.4016666666667
"1433","Guatemala",2005,2450,2.7175
"1434","Guyana",2005,1235,27.83
"1435","Hungary",2005,11764,29.3341666666667
"1436","Iceland",2005,60712,9.58333333333333
"1437","Ireland",2005,55213,10.0925
"1438","Israel",2005,22901,8.57583333333333
"1439","Italy",2005,33536,6.8825
"1440","Jamaica",2005,4505,2.18083333333333
"1441","Japan",2005,39412,22.2408333333333
"1442","Kazakhstan",2005,4096,29.8166666666667
"1443","Kuwait",2005,39166,1.515
"1444","Kyrgyzstan",2005,533,11.29
"1445","Latvia",2005,7916,26.005
"1446","Lithuania",2005,8229,40.4825
"1447","Luxembourg",2005,85397,13.2558333333333
"1448","Maldives",2005,4026,0.229166666666667
"1449","Malta",2005,16648,5.66166666666667
"1450","Mauritius",2005,5641,8.5425
"1451","Mexico",2005,9071,5.185
"1452","Montenegro",2005,3870,22.8733333333333
"1453","Netherlands",2005,44289,9.44
"1454","New Zealand",2005,29803,13.1608333333333
"1455","Norway",2005,71215,11.8408333333333
"1456","Panama",2005,5499,6.48416666666667
"1457","Paraguay",2005,1704,5.23416666666667
"1458","Poland",2005,8417,15.5033333333333
"1459","Puerto Rico",2005,23944,8.75916666666667
"1460","Qatar",2005,55899,1.56666666666667
"1461","Republic of Korea",2005,19460,39.92
"1462","Romania",2005,4847,12.1675
"1463","Russian Federation",2005,5611,35.0283333333333
"1464","Saint Lucia",2005,6292,2.06833333333333
"1465","Saint Vincent and Grenadines",2005,5556,6.00916666666667
"1466","San Marino",2005,69301,2.83416666666667
"1467","Serbia",2005,3719,23.86
"1468","Seychelles",2005,11361,5.95833333333333
"1469","Singapore",2005,38122,15.0275
"1470","Slovakia",2005,12229,13.7808333333333
"1471","Slovenia",2005,19012,28.1175
"1472","South Africa",2005,5914,1.27416666666667
"1473","Spain",2005,28092,8.97166666666667
"1474","Suriname",2005,4009,17.5975
"1475","Sweden",2005,45563,13.7183333333333
"1476","Switzerland",2005,57790,20.5158333333333
"1477","Thailand",2005,3094,6.49916666666667
"1478","Trinidad and Tobago",2005,13258,12.0116666666667
"1479","Turkmenistan",2005,1906,11.1825
"1480","Ukraine",2005,1917,24.765
"1481","United Arab Emirates",2005,42196,1.3375
"1482","United Kingdom",2005,44372,6.59666666666667
"1483","United States",2005,47423,12.2233333333333
"1484","Uruguay",2005,5655,20.1091666666667
"1485","Uzbekistan",2005,606,5.65083333333333
"1486","Albania",2006,3235,0
"1487","Antigua and Barbuda",2006,14114,0
"1488","Argentina",2006,6475,10.685
"1489","Armenia",2006,2310,3.63916666666667
"1490","Aruba",2006,25622,8.02583333333333
"1491","Australia",2006,39014,10.6575
"1492","Austria",2006,42698,18.2416666666667
"1493","Bahamas",2006,32957,0.47
"1494","Bahrain",2006,20826,2.265
"1495","Barbados",2006,16531,3.78166666666667
"1496","Belgium",2006,41135,17.9083333333333
"1497","Belize",2006,4815,3.16
"1498","Brazil",2006,6403,5.825
"1499","Bulgaria",2006,4638,15.5441666666667
"1500","Canada",2006,42566,10.5358333333333
"1501","Chile",2006,10270,12.9216666666667
"1502","Colombia",2006,4095,6.53416666666667
"1503","Costa Rica",2006,5716,8.4025
"1504","Croatia",2006,11914,20.685
"1505","Cuba",2006,4951,16.8791666666667
"1506","Cyprus",2006,28600,2.30333333333333
"1507","Czech Republic",2006,15896,14.8666666666667
"1508","Denmark",2006,55354,13.5066666666667
"1509","Ecuador",2006,3759,7.75583333333333
"1510","El Salvador",2006,2947,8.2975
"1511","Estonia",2006,13264,20.2191666666667
"1512","Fiji",2006,4206,2.56416666666667
"1513","Finland",2006,43487,19.4833333333333
"1514","France",2006,40097,18.3858333333333
"1515","Georgia",2006,1859,1.95916666666667
"1516","Germany",2006,38088,12.71
"1517","Greece",2006,25739,3.78416666666667
"1518","Grenada",2006,7423,0.824166666666667
"1519","Guatemala",2006,2653,3.49583333333333
"1520","Guyana",2006,2182,32.8833333333333
"1521","Hungary",2006,12021,26.055
"1522","Iceland",2006,60243,8.86583333333333
"1523","Ireland",2006,58941,10.5383333333333
"1524","Israel",2006,24306,6.71
"1525","Italy",2006,34578,6.80083333333333
"1526","Jamaica",2006,4738,0
"1527","Japan",2006,37534,21.8533333333333
"1528","Kazakhstan",2006,5770,31.2275
"1529","Kuwait",2006,46890,1.31916666666667
"1530","Kyrgyzstan",2006,610,12.1658333333333
"1531","Latvia",2006,10139,24.075
"1532","Lithuania",2006,9667,33.3808333333333
"1533","Luxembourg",2006,95351,15.3158333333333
"1534","Malta",2006,17504,7.2675
"1535","Mauritius",2006,6246,13.64
"1536","Mexico",2006,9906,4.935
"1537","Montenegro",2006,4654,0
"1538","Netherlands",2006,47281,9.4325
"1539","New Zealand",2006,28628,13.0616666666667
"1540","Norway",2006,79007,11.8891666666667
"1541","Panama",2006,5972,7.63583333333333
"1542","Paraguay",2006,2038,5.46416666666667
"1543","Philippines",2006,1599,3.055
"1544","Poland",2006,9485,15.2375
"1545","Puerto Rico",2006,24943,7.94166666666667
"1546","Qatar",2006,64762,7.275
"1547","Republic of Korea",2006,21753,35.0383333333333
"1548","Romania",2006,6018,12.4241666666667
"1549","Russian Federation",2006,7313,33.4425
"1550","Saint Lucia",2006,7391,1.48583333333333
"1551","Saint Vincent and Grenadines",2006,6142,10.1725
"1552","Serbia",2006,4353,23.8391666666667
"1553","Seychelles",2006,12442,22.9791666666667
"1554","Singapore",2006,43318,12.3958333333333
"1555","Slovakia",2006,13763,0
"1556","Slovenia",2006,20634,28.9891666666667
"1557","South Africa",2006,6166,1.49333333333333
"1558","Spain",2006,30246,8.3225
"1559","Sri Lanka",2006,1580,27.3941666666667
"1560","Suriname",2006,5794,24.855
"1561","Sweden",2006,48977,13.3966666666667
"1562","Switzerland",2006,60536,20.1358333333333
"1563","Thailand",2006,3598,5.75333333333333
"1564","Trinidad and Tobago",2006,15190,11.1575
"1565","Turkmenistan",2006,2397,11.9866666666667
"1566","Ukraine",2006,2418,23.5658333333333
"1567","United Arab Emirates",2006,45110,1.37916666666667
"1568","United Kingdom",2006,47163,6.51416666666667
"1569","United States",2006,49666,12.0941666666667
"1570","Uruguay",2006,6362,20.6758333333333
"1571","Albania",2007,3863,5.4875
"1572","Antigua and Barbuda",2007,15775,0.665
"1573","Argentina",2007,7918,9.8625
"1574","Armenia",2007,3366,3.25166666666667
"1575","Aruba",2007,27672,7.6825
"1576","Australia",2007,43171,10.8541666666667
"1577","Austria",2007,49218,18.1091666666667
"1578","Azerbaijan",2007,4172,0.985833333333333
"1579","Bahamas",2007,33710,1.11833333333333
"1580","Bahrain",2007,22524,2.67416666666667
"1581","Barbados",2007,17528,0
"1582","Belarus",2007,4898,29.6575
"1583","Belgium",2007,47040,17.3808333333333
"1584","Belize",2007,4951,6.54083333333333
"1585","Brazil",2007,7970,5.97333333333333
"1586","Bulgaria",2007,6073,14.4808333333333
"1587","Canada",2007,46890,10.6208333333333
"1588","Chile",2007,11387,12.5766666666667
"1589","Colombia",2007,5150,6.1875
"1590","Costa Rica",2007,6661,6.27916666666667
"1591","Croatia",2007,14204,20.2875
"1592","Cuba",2007,5488,15.6816666666667
"1593","Cyprus",2007,33048,3.01416666666667
"1594","Czech Republic",2007,19273,14.2316666666667
"1595","Denmark",2007,62229,11.6633333333333
"1596","Ecuador",2007,4024,7.9975
"1597","El Salvador",2007,3111,10.595
"1598","Estonia",2007,17504,22.0875
"1599","Fiji",2007,4570,1.705
"1600","Finland",2007,51089,18.59
"1601","France",2007,45682,17.8075
"1602","Georgia",2007,2448,3.04916666666667
"1603","Germany",2007,43667,12.21
"1604","Greece",2007,29896,2.82583333333333
"1605","Grenada",2007,8035,4.02833333333333
"1606","Guatemala",2007,2914,3.35583333333333
"1607","Guyana",2007,2602,31.1458333333333
"1608","Hungary",2007,14609,27.2766666666667
"1609","Iceland",2007,73590,13.6075
"1610","Ireland",2007,67032,10.1475
"1611","Israel",2007,27712,6.13916666666667
"1612","Italy",2007,38935,6.83
"1613","Japan",2007,37408,22.3966666666667
"1614","Kazakhstan",2007,7423,31.3025
"1615","Kuwait",2007,37283,1.085
"1616","Kyrgyzstan",2007,814,10.4908333333333
"1617","Latvia",2007,14758,24.6458333333333
"1618","Lithuania",2007,12869,33.8991666666667
"1619","Luxembourg",2007,112581,15.3241666666667
"1620","Maldives",2007,6115,1.19666666666667
"1621","Malta",2007,20333,6.15333333333333
"1622","Mauritius",2007,7179,11.7875
"1623","Mexico",2007,10496,4.83416666666667
"1624","Montenegro",2007,6268,27.9608333333333
"1625","Netherlands",2007,54418,8.12
"1626","New Zealand",2007,34892,12.3491666666667
"1627","Norway",2007,90797,10.6475
"1628","Panama",2007,6876,5.99166666666667
"1629","Paraguay",2007,2599,5.20916666666667
"1630","Philippines",2007,1915,2.43083333333333
"1631","Poland",2007,11816,13.8725
"1632","Portugal",2007,24003,11.9625
"1633","Puerto Rico",2007,25625,7.75666666666667
"1634","Qatar",2007,71460,2.38416666666667
"1635","Republic of Korea",2007,23982,38.8783333333333
"1636","Romania",2007,8593,11.3383333333333
"1637","Russian Federation",2007,9643,32.2491666666667
"1638","Saint Vincent and Grenadines",2007,6539,8.5325
"1639","Serbia",2007,5748,21.5375
"1640","Seychelles",2007,12554,12.3033333333333
"1641","Singapore",2007,53098,13.8133333333333
"1642","Slovakia",2007,16815,0
"1643","Slovenia",2007,24964,24.2875
"1644","South Africa",2007,6708,1.01
"1645","Spain",2007,34769,8.24583333333333
"1646","Suriname",2007,6397,29.6783333333333
"1647","Sweden",2007,56531,12.2825
"1648","Switzerland",2007,66807,21.3175
"1649","Thailand",2007,4461,6.595
"1650","Trinidad and Tobago",2007,17827,11.965
"1651","Turkmenistan",2007,2916,8.0575
"1652","Ukraine",2007,3229,23.4266666666667
"1653","United Arab Emirates",2007,45285,1.3325
"1654","United Kingdom",2007,53576,6.24333333333333
"1655","United States",2007,51585,12.4266666666667
"1656","Uruguay",2007,7581,22.1925
"1657","Albania",2008,4672,5.92083333333333
"1658","Antigua and Barbuda",2008,16238,0
"1659","Argentina",2008,9843,9.8425
"1660","Armenia",2008,3829,2.92916666666667
"1661","Aruba",2008,29447,3.45333333333333
"1662","Australia",2008,52315,10.8741666666667
"1663","Austria",2008,54294,18.0375
"1664","Bahamas",2008,32746,1.04083333333333
"1665","Bahrain",2008,25106,2.32416666666667
"1666","Barbados",2008,17760,0.1925
"1667","Belarus",2008,6601,29.3466666666667
"1668","Belgium",2008,51345,18.4616666666667
"1669","Belize",2008,5098,7.19666666666667
"1670","Brazil",2008,9555,6.0175
"1671","Bulgaria",2008,7487,14.195
"1672","Canada",2008,49041,10.6325
"1673","Chile",2008,11653,13.99
"1674","Colombia",2008,5971,6.185
"1675","Costa Rica",2008,7517,6.0225
"1676","Croatia",2008,16680,22.1408333333333
"1677","Cuba",2008,5686,15.9158333333333
"1678","Cyprus",2008,37267,4.9225
"1679","Czech Republic",2008,23811,14.5841666666667
"1680","Denmark",2008,68447,11.9208333333333
"1681","Ecuador",2008,4787,7.94083333333333
"1682","El Salvador",2008,3271,10.485
"1683","Estonia",2008,19141,20.3808333333333
"1684","Fiji",2008,4675,3.95666666666667
"1685","Finland",2008,56521,18.3575
"1686","France",2008,49901,18.0175
"1687","Germany",2008,47702,12.1266666666667
"1688","Greece",2008,33168,3.35833333333333
"1689","Grenada",2008,8733,0
"1690","Guatemala",2008,3252,4.56333333333333
"1691","Guyana",2008,2873,29.4683333333333
"1692","Hungary",2008,16540,27.64
"1693","Iceland",2008,59489,11.3408333333333
"1694","Ireland",2008,67173,10.7966666666667
"1695","Israel",2008,32874,7.2775
"1696","Italy",2008,41935,6.8075
"1697","Japan",2008,41773,22.11
"1698","Kazakhstan",2008,9387,30.5783333333333
"1699","Kuwait",2008,43746,0.98
"1700","Kyrgyzstan",2008,1096,11.33
"1701","Latvia",2008,17217,26.9741666666667
"1702","Lithuania",2008,15669,35.8375
"1703","Luxembourg",2008,121315,9.35916666666667
"1704","Maldives",2008,7236,0
"1705","Malta",2008,23007,3.22333333333333
"1706","Mauritius",2008,8716,6.51083333333333
"1707","Mexico",2008,10864,5.06916666666667
"1708","Montenegro",2008,7705,25.6741666666667
"1709","Netherlands",2008,60375,8.5075
"1710","New Zealand",2008,33585,12.6483333333333
"1711","Norway",2008,103431,11.0025
"1712","Panama",2008,7972,6.10833333333333
"1713","Paraguay",2008,3438,4.86
"1714","Philippines",2008,2188,2.75416666666667
"1715","Poland",2008,14721,14.7816666666667
"1716","Portugal",2008,26121,11.7516666666667
"1717","Puerto Rico",2008,26840,8.92333333333333
"1718","Qatar",2008,87961,1.12916666666667
"1719","Republic of Korea",2008,21278,37.69
"1720","Romania",2008,10454,11.7
"1721","Russian Federation",2008,12359,30.5666666666667
"1722","Saint Lucia",2008,8122,0
"1723","Saint Vincent and Grenadines",2008,6966,3.3575
"1724","Serbia",2008,7049,20.2175
"1725","Seychelles",2008,11667,3.25583333333333
"1726","Singapore",2008,55735,12.5208333333333
"1727","Slovakia",2008,19530,11.1833333333333
"1728","Slovenia",2008,28599,21.9241666666667
"1729","South Africa",2008,6573,1.17833333333333
"1730","Spain",2008,37848,8.21
"1731","Suriname",2008,7601,34.735
"1732","Sweden",2008,59155,12.9733333333333
"1733","Switzerland",2008,76202,19.7925
"1734","Thailand",2008,4921,6.515
"1735","Trinidad and Tobago",2008,22857,14.8541666666667
"1736","Turkmenistan",2008,4368,9.79833333333333
"1737","Ukraine",2008,4104,22.875
"1738","United Arab Emirates",2008,48457,0.988333333333333
"1739","United Kingdom",2008,50111,6.72583333333333
"1740","United States",2008,52128,12.77
"1741","Uruguay",2008,9793,19.5441666666667
"1742","Albania",2009,4387,0
"1743","Antigua and Barbuda",2009,14335,0
"1744","Argentina",2009,8961,8.94333333333333
"1745","Armenia",2009,3215,2.80833333333333
"1746","Aruba",2009,26361,3.51916666666667
"1747","Australia",2009,45128,10.8433333333333
"1748","Austria",2009,50356,17.7683333333333
"1749","Bahamas",2009,30450,1.33166666666667
"1750","Bahrain",2009,20988,2.04916666666667
"1751","Barbados",2009,17007,2.4
"1752","Belarus",2009,5366,31.295
"1753","Belgium",2009,47630,18.1958333333333
"1754","Belize",2009,4841,4.81333333333333
"1755","Brazil",2009,9283,5.86416666666667
"1756","Bulgaria",2009,7186,12.8683333333333
"1757","Canada",2009,42933,10.8891666666667
"1758","Chile",2009,11062,14.525
"1759","Colombia",2009,5643,6.1525
"1760","Costa Rica",2009,7403,6.4475
"1761","Croatia",2009,14872,21.1908333333333
"1762","Cuba",2009,5797,16.7775
"1763","Cyprus",2009,33816,4.6275
"1764","Czech Republic",2009,20748,14.9758333333333
"1765","Denmark",2009,61863,12.0583333333333
"1766","Ecuador",2009,4762,7.85416666666667
"1767","El Salvador",2009,3184,10.3433333333333
"1768","Estonia",2009,15609,20.7225
"1769","Fiji",2009,3765,4.30583333333333
"1770","Finland",2009,49878,19.0408333333333
"1771","France",2009,45775,18.02
"1772","Georgia",2009,2589,5.42166666666667
"1773","Germany",2009,43570,12.1266666666667
"1774","Greece",2009,30785,3.41416666666667
"1775","Grenada",2009,8140,0
"1776","Guatemala",2009,3053,4.7975
"1777","Guyana",2009,3076,25.1483333333333
"1778","Hungary",2009,13697,25.8933333333333
"1779","Iceland",2009,43700,10.3108333333333
"1780","Ireland",2009,57390,11.0525
"1781","Israel",2009,30812,6.69333333333333
"1782","Italy",2009,38101,6.8275
"1783","Jamaica",2009,4686,1.76083333333333
"1784","Japan",2009,43415,22.2241666666667
"1785","Kazakhstan",2009,8024,27.5058333333333
"1786","Kuwait",2009,33453,1.23416666666667
"1787","Kyrgyzstan",2009,977,9.44
"1788","Latvia",2009,12890,25.65
"1789","Lithuania",2009,12412,36.4225
"1790","Luxembourg",2009,109483,9.24583333333333
"1791","Malta",2009,21695,8.92666666666667
"1792","Mauritius",2009,7873,8.83916666666667
"1793","Mexico",2009,8651,5.345
"1794","Montenegro",2009,7023,22.9941666666667
"1795","Netherlands",2009,54988,9.025
"1796","New Zealand",2009,30259,12.75
"1797","Norway",2009,85394,12.145
"1798","Oman",2009,18557,1.76583333333333
"1799","Panama",2009,8436,5.69083333333333
"1800","Paraguay",2009,2920,5.61083333333333
"1801","Philippines",2009,2073,2.9075
"1802","Poland",2009,12141,16.425
"1803","Portugal",2009,24254,11.6416666666667
"1804","Puerto Rico",2009,27661,10.4083333333333
"1805","Qatar",2009,64911,1.65833333333333
"1806","Republic of Korea",2009,19036,43.2933333333333
"1807","Romania",2009,8465,12.0016666666667
"1808","Russian Federation",2009,9118,29.4
"1809","Saint Lucia",2009,7902,6.86
"1810","Saint Vincent and Grenadines",2009,6754,0.931666666666667
"1811","Serbia",2009,6116,21.5358333333333
"1812","Seychelles",2009,10157,3.65083333333333
"1813","Singapore",2009,54413,12.465
"1814","Slovakia",2009,17299,11.59
"1815","Slovenia",2009,25872,22.3925
"1816","South Africa",2009,6517,0.8925
"1817","Spain",2009,34470,8.16833333333333
"1818","Suriname",2009,8238,30.8091666666667
"1819","Sweden",2009,49070,13.3666666666667
"1820","Switzerland",2009,73529,15.0108333333333
"1821","Thailand",2009,4736,6.54666666666667
"1822","Trinidad and Tobago",2009,15652,10.02
"1823","Turkey",2009,9773,1.77416666666667
"1824","Turkmenistan",2009,4508,3.545
"1825","Ukraine",2009,2691,23.2716666666667
"1826","United Arab Emirates",2009,34960,0.9775
"1827","United Kingdom",2009,41074,6.5
"1828","United States",2009,50563,12.8491666666667
"1829","Uruguay",2009,10166,19.8125
"1830","Uzbekistan",2009,1332,5.07166666666667
"1831","Albania",2010,4359,3.47166666666667
"1832","Argentina",2010,11273,9.27
"1833","Armenia",2010,3460,3.3675
"1834","Aruba",2010,25974,4.8875
"1835","Australia",2010,54887,11.0533333333333
"1836","Austria",2010,49181,17.2958333333333
"1837","Bahamas",2010,30239,4.86
"1838","Bahrain",2010,22572,0.990833333333333
"1839","Barbados",2010,17034,0.635
"1840","Belarus",2010,6371,27.665
"1841","Belgium",2010,47355,18.3483333333333
"1842","Belize",2010,4923,5.12333333333333
"1843","Brazil",2010,12161,6.06083333333333
"1844","Bulgaria",2010,7066,13.1875
"1845","Canada",2010,49974,11.0558333333333
"1846","Chile",2010,13874,13.5733333333333
"1847","Colombia",2010,6836,5.60333333333333
"1848","Costa Rica",2010,8906,7.02916666666667
"1849","Croatia",2010,14232,20.1641666666667
"1850","Cuba",2010,5997,16.8441666666667
"1851","Cyprus",2010,32477,4.90666666666667
"1852","Czech Republic",2010,20862,14.635
"1853","Denmark",2010,61711,10.835
"1854","Ecuador",2010,5206,6.79083333333333
"1855","El Salvador",2010,3318,8.16
"1856","Estonia",2010,15540,19.0891666666667
"1857","Finland",2010,48939,17.9341666666667
"1858","France",2010,44747,17.5975
"1859","Georgia",2010,2775,2.86083333333333
"1860","Germany",2010,43614,12.6808333333333
"1861","Greece",2010,27886,3.325
"1862","Grenada",2010,8118,0
"1863","Guatemala",2010,3260,2.9525
"1864","Guyana",2010,3384,33.5891666666667
"1865","Hungary",2010,13761,26.7758333333333
"1866","Iceland",2010,45179,15.3558333333333
"1867","Ireland",2010,52042,10.025
"1868","Israel",2010,34104,8.28916666666667
"1869","Italy",2010,36869,6.73083333333333
"1870","Jamaica",2010,5100,0.0966666666666667
"1871","Japan",2010,47059,21.29
"1872","Kazakhstan",2010,10062,26.7341666666667
"1873","Kuwait",2010,35171,0.836666666666667
"1874","Kyrgyzstan",2010,991,11.9333333333333
"1875","Latvia",2010,11951,21.6116666666667
"1876","Lithuania",2010,12584,32.9366666666667
"1877","Luxembourg",2010,111328,11.7633333333333
"1878","Maldives",2010,7806,0.165833333333333
"1879","Malta",2010,22132,6.8425
"1880","Mauritius",2010,8587,9.31916666666667
"1881","Mexico",2010,9991,5.08416666666667
"1882","Netherlands",2010,53302,9.12416666666667
"1883","New Zealand",2010,36145,12.7183333333333
"1884","Nicaragua",2010,1715,7.395
"1885","Norway",2010,93638,11.3691666666667
"1886","Oman",2010,21337,0.316666666666667
"1887","Panama",2010,8991,5.33333333333333
"1888","Paraguay",2010,3619,4.54666666666667
"1889","Philippines",2010,2412,3.08
"1890","Poland",2010,13304,15.8866666666667
"1891","Portugal",2010,23673,12.4033333333333
"1892","Puerto Rico",2010,28267,8.65333333333333
"1893","Qatar",2010,74055,1.06916666666667
"1894","Republic of Korea",2010,22994,43.1833333333333
"1895","Romania",2010,8190,12.5033333333333
"1896","Russian Federation",2010,11307,26.6008333333333
"1897","Saint Lucia",2010,8557,2.52583333333333
"1898","Saint Vincent and Grenadines",2010,6809,4.56916666666667
"1899","Serbia",2010,5682,19.54
"1900","Seychelles",2010,11563,4.3325
"1901","Singapore",2010,66099,10.7691666666667
"1902","Slovakia",2010,17387,11.9733333333333
"1903","Slovenia",2010,24689,22.1325
"1904","South Africa",2010,8128,1.09083333333333
"1905","Spain",2010,32839,7.28666666666667
"1906","Suriname",2010,9176,35.4416666666667
"1907","Sweden",2010,55352,12.2116666666667
"1908","Switzerland",2010,78474,13.3766666666667
"1909","Thailand",2010,5707,6.70833333333333
"1910","Trinidad and Tobago",2010,18000,12.5416666666667
"1911","Turkey",2010,11525,2.64083333333333
"1912","Turkmenistan",2010,4962,3.8125
"1913","Ukraine",2010,3141,21.9225
"1914","United Arab Emirates",2010,36964,1.8925
"1915","United Kingdom",2010,41798,6.45083333333333
"1916","United States",2010,51989,13.2408333333333
"1917","Uruguay",2010,12882,21.4525
"1918","Uzbekistan",2010,1533,5.26916666666667
"1919","Argentina",2011,13946,8.8225
"1920","Armenia",2011,3798,2.74833333333333
"1921","Aruba",2011,27066,7.785
"1922","Australia",2011,66770,11.1016666666667
"1923","Austria",2011,53923,17.6241666666667
"1924","Bahamas",2011,29761,1.0825
"1925","Bahrain",2011,26078,1.24666666666667
"1926","Barbados",2011,17708,0
"1927","Belarus",2011,6902,24.9466666666667
"1928","Belgium",2011,50893,18.8925
"1929","Belize",2011,5098,12.775
"1930","Bosnia and Herzegovina",2011,5076,0.109166666666667
"1931","Brazil",2011,14245,6.03416666666667
"1932","Bulgaria",2011,8137,11.1266666666667
"1933","Cabo Verde",2011,4124,11.1533333333333
"1934","Canada",2011,54841,10.4183333333333
"1935","Chile",2011,15854,13.4033333333333
"1936","Colombia",2011,7885,5.24
"1937","Costa Rica",2011,9978,7.48583333333333
"1938","Croatia",2011,14890,18.4258333333333
"1939","Cuba",2011,6419,17.2541666666667
"1940","Cyprus",2011,34249,3.64833333333333
"1941","Czech Republic",2011,23010,15.52
"1942","Denmark",2011,65598,10.5275
"1943","Ecuador",2011,5836,6.81666666666667
"1944","El Salvador",2011,3631,9.62166666666667
"1945","Estonia",2011,18545,19.105
"1946","Fiji",2011,4862,8.91416666666667
"1947","Finland",2011,53809,16.9675
"1948","France",2011,48217,17.5983333333333
"1949","Georgia",2011,3435,3.02583333333333
"1950","Germany",2011,47947,12.735
"1951","Greece",2011,26825,4.05666666666667
"1952","Grenada",2011,8188,1.7275
"1953","Guatemala",2011,3661,2.89083333333333
"1954","Guyana",2011,3815,29.1275
"1955","Hungary",2011,14827,24.9875
"1956","Iceland",2011,49861,7.74583333333333
"1957","Ireland",2011,56655,11.5483333333333
"1958","Israel",2011,37528,7.28416666666667
"1959","Italy",2011,40210,7.17333333333333
"1960","Jamaica",2011,5552,2.32166666666667
"1961","Japan",2011,50919,21.0341666666667
"1962","Kazakhstan",2011,12969,24.48
"1963","Kuwait",2011,46203,0.950833333333333
"1964","Kyrgyzstan",2011,1273,10.5741666666667
"1965","Latvia",2011,14447,24.0625
"1966","Lithuania",2011,15097,33.9741666666667
"1967","Luxembourg",2011,122729,11.3775
"1968","Maldives",2011,8135,0.449166666666667
"1969","Malta",2011,23984,3.95833333333333
"1970","Mauritius",2011,9817,10.0033333333333
"1971","Mexico",2011,10965,5.46
"1972","Netherlands",2011,56667,9.42333333333333
"1973","New Zealand",2011,41184,11.9016666666667
"1974","Nicaragua",2011,1888,7.4625
"1975","Norway",2011,107430,12.2075
"1976","Panama",2011,10403,5.2275
"1977","Paraguay",2011,4474,5.6525
"1978","Philippines",2011,2662,3.7425
"1979","Poland",2011,14686,15.3216666666667
"1980","Portugal",2011,24337,10.655
"1981","Puerto Rico",2011,28876,7.54583333333333
"1982","Qatar",2011,90490,1.57083333333333
"1983","Republic of Korea",2011,25157,42.9208333333333
"1984","Romania",2011,9086,11.565
"1985","Russian Federation",2011,15226,24.9733333333333
"1986","Saint Lucia",2011,8826,4.44333333333333
"1987","Saint Vincent and Grenadines",2011,6759,3.915
"1988","Serbia",2011,6734,20.2875
"1989","Seychelles",2011,13204,4.27833333333333
"1990","Singapore",2011,76638,9.74666666666667
"1991","Slovenia",2011,26377,23.4716666666667
"1992","South Africa",2011,8906,0.775833333333333
"1993","Spain",2011,34097,7.3825
"1994","Suriname",2011,9184,29.4425
"1995","Sweden",2011,63380,11.8141666666667
"1996","Switzerland",2011,93053,14.0183333333333
"1997","Thailand",2011,6153,6.46583333333333
"1998","Trinidad and Tobago",2011,20557,11.5575
"1999","Turkey",2011,12237,1.9225
"2000","Turkmenistan",2011,6319,2.63583333333333
"2001","Ukraine",2011,3788,22
"2002","United Kingdom",2011,44491,6.52416666666667
"2003","United States",2011,53452,13.53
"2004","Uzbekistan",2011,1767,5.595
"2005","Antigua and Barbuda",2012,13657,0
"2006","Argentina",2012,14203,9.985
"2007","Armenia",2012,3773,3.0475
"2008","Australia",2012,72669,11.6308333333333
"2009","Austria",2012,50979,17.2191666666667
"2010","Bahamas",2012,31204,0.986666666666667
"2011","Bahrain",2012,25587,0.723333333333333
"2012","Barbados",2012,17620,0
"2013","Belgium",2012,47678,18.0941666666667
"2014","Belize",2012,5264,6.12083333333333
"2015","Brazil",2012,13283,6.20416666666667
"2016","Bulgaria",2012,7745,13.6808333333333
"2017","Canada",2012,55347,10.6566666666667
"2018","Chile",2012,16617,12.3675
"2019","Colombia",2012,8586,5.5375
"2020","Costa Rica",2012,10832,6.73
"2021","Croatia",2012,13952,19.9175
"2022","Cuba",2012,6791,17
"2023","Cyprus",2012,30752,3.575
"2024","Czech Republic",2012,20898,16.3525
"2025","Denmark",2012,62071,11.9341666666667
"2026","Ecuador",2012,6364,7.07333333333333
"2027","El Salvador",2012,3806,10.2616666666667
"2028","Estonia",2012,18411,20.1341666666667
"2029","Fiji",2012,5073,7.63166666666667
"2030","Finland",2012,50232,15.5841666666667
"2031","France",2012,45002,16.5816666666667
"2032","Georgia",2012,3772,2.90666666666667
"2033","Germany",2012,45142,12.3591666666667
"2034","Greece",2012,23309,4.44333333333333
"2035","Grenada",2012,8382,1.50083333333333
"2036","Guatemala",2012,3779,3.48333333333333
"2037","Guyana",2012,4212,30.665
"2038","Hungary",2012,13525,25.4966666666667
"2039","Iceland",2012,48083,12.1175
"2040","Ireland",2012,53443,11.4716666666667
"2041","Israel",2012,36263,6.9825
"2042","Italy",2012,36497,7.12083333333333
"2043","Japan",2012,51379,19.475
"2044","Kazakhstan",2012,13845,22.585
"2045","Kuwait",2012,49781,1.29916666666667
"2046","Kyrgyzstan",2012,1339,11.7216666666667
"2047","Latvia",2012,14558,22.3066666666667
"2048","Lithuania",2012,15099,31.1766666666667
"2049","Luxembourg",2012,113120,11.6816666666667
"2050","Malta",2012,23074,4.98916666666667
"2051","Mauritius",2012,9884,9.52083333333333
"2052","Mexico",2012,10982,5.28583333333333
"2053","Netherlands",2012,52334,9.87583333333333
"2054","New Zealand",2012,42756,13.1691666666667
"2055","Nicaragua",2012,2006,6.02416666666667
"2056","Norway",2012,108408,10.5
"2057","Panama",2012,11908,4.62666666666667
"2058","Paraguay",2012,4319,5.275
"2059","Poland",2012,13894,16.0308333333333
"2060","Portugal",2012,21573,11.6166666666667
"2061","Puerto Rico",2012,29247,7.25833333333333
"2062","Qatar",2012,93270,1.10583333333333
"2063","Republic of Korea",2012,25464,36.9383333333333
"2064","Romania",2012,9015,11.8358333333333
"2065","Russian Federation",2012,16413,23.7925
"2066","Saint Lucia",2012,8764,7.08583333333333
"2067","Saint Vincent and Grenadines",2012,6918,8.1075
"2068","Serbia",2012,5933,19.5441666666667
"2069","Seychelles",2012,13044,2.79166666666667
"2070","Singapore",2012,80040,11.8016666666667
"2071","Slovakia",2012,18256,10.79
"2072","Slovenia",2012,23820,23.3116666666667
"2073","South Africa",2012,8347,1.13
"2074","Spain",2012,30146,8.07333333333333
"2075","Suriname",2012,10227,37.8425
"2076","Sweden",2012,60776,12.3425
"2077","Switzerland",2012,87951,13.7825
"2078","Thailand",2012,6584,6.72416666666667
"2079","Turkey",2012,12671,2.36666666666667
"2080","Turkmenistan",2012,7498,2.55
"2081","Ukraine",2012,4096,22.3725
"2082","United Kingdom",2012,44585,6.6225
"2083","United States",2012,55170,13.7616666666667
"2084","Uruguay",2012,16264,22.0291666666667
"2085","Uzbekistan",2012,1964,6.46083333333333
"2086","Antigua and Barbuda",2013,13287,0
"2087","Argentina",2013,14206,8.61833333333333
"2088","Armenia",2013,3957,3.12333333333333
"2089","Australia",2013,72856,11.565
"2090","Austria",2013,53229,17.6766666666667
"2091","Bahamas",2013,30455,1.15916666666667
"2092","Bahrain",2013,26793,0.2075
"2093","Barbados",2013,17395,0
"2094","Belarus",2013,8477,22.7766666666667
"2095","Belgium",2013,49489,16.7958333333333
"2096","Belize",2013,5272,4.7
"2097","Brazil",2013,13191,6.1175
"2098","Bulgaria",2013,8057,11.18
"2099","Canada",2013,55310,11.0908333333333
"2100","Chile",2013,17140,11.21
"2101","Colombia",2013,8731,5.29416666666667
"2102","Costa Rica",2013,11443,7.43833333333333
"2103","Croatia",2013,14362,17.525
"2104","Cuba",2013,7148,15.8716666666667
"2105","Cyprus",2013,29624,5.38416666666667
"2106","Czech Republic",2013,21073,15.5058333333333
"2107","Denmark",2013,64831,11.2125
"2108","Ecuador",2013,6769,5.24
"2109","El Salvador",2013,3885,9.67166666666667
"2110","Estonia",2013,20221,19.3266666666667
"2111","Finland",2013,52572,16.4025
"2112","France",2013,46922,16.0275
"2113","Georgia",2013,3850,4.63083333333333
"2114","Germany",2013,48563,12.7566666666667
"2115","Greece",2013,22994,4.5925
"2116","Grenada",2013,8789,0
"2117","Guatemala",2013,3947,3.39083333333333
"2118","Guyana",2013,4372,29.6983333333333
"2119","Hungary",2013,14333,22.1858333333333
"2120","Iceland",2013,51749,18.4366666666667
"2121","Ireland",2013,56628,9.78416666666667
"2122","Israel",2013,40477,6.18416666666667
"2123","Italy",2013,37050,7.07166666666667
"2124","Japan",2013,42781,19.2633333333333
"2125","Kazakhstan",2013,15552,24.7225
"2126","Kuwait",2013,48729,0.823333333333333
"2127","Kyrgyzstan",2013,1463,9.15333333333333
"2128","Latvia",2013,15820,20.1825
"2129","Lithuania",2013,16538,37.0466666666667
"2130","Luxembourg",2013,120423,7.62333333333333
"2131","Malta",2013,25191,4.76833333333333
"2132","Mauritius",2013,10572,8.13916666666667
"2133","Mexico",2013,11478,5.41583333333333
"2134","Netherlands",2013,54510,10.4608333333333
"2135","New Zealand",2013,46198,12.0458333333333
"2136","Nicaragua",2013,2062,6.7475
"2137","Norway",2013,109804,10.5841666666667
"2138","Panama",2013,13189,4.10916666666667
"2139","Paraguay",2013,5006,6.2825
"2140","Poland",2013,14552,15.6325
"2141","Portugal",2013,22641,11.0608333333333
"2142","Puerto Rico",2013,29510,7.54916666666667
"2143","Qatar",2013,93066,0.685833333333333
"2144","Republic of Korea",2013,27060,35.7141666666667
"2145","Romania",2013,10080,11.4991666666667
"2146","Russian Federation",2013,17052,22.8308333333333
"2147","Saint Lucia",2013,9041,9.50833333333333
"2148","Saint Vincent and Grenadines",2013,7183,0
"2149","Serbia",2013,6662,18.1441666666667
"2150","Seychelles",2013,16090,10.95
"2151","Singapore",2013,83151,11.4891666666667
"2152","Slovakia",2013,19226,11.9925
"2153","Slovenia",2013,24697,23.585
"2154","South Africa",2013,7612,1.24166666666667
"2155","Spain",2013,30792,8.44333333333333
"2156","Suriname",2013,10451,23.9
"2157","Sweden",2013,64133,13.1833333333333
"2158","Switzerland",2013,89634,14.1883333333333
"2159","Thailand",2013,6917,6.63
"2160","Turkey",2013,13603,2.95166666666667
"2161","Turkmenistan",2013,8255,1.94083333333333
"2162","United Kingdom",2013,45594,7.07666666666667
"2163","United States",2013,56520,13.8891666666667
"2164","Uruguay",2013,18179,20.7575
"2165","Uzbekistan",2013,2150,6.57166666666667
"2166","Antigua and Barbuda",2014,14093,0
"2167","Argentina",2014,13400,9.27916666666667
"2168","Armenia",2014,4142,3.08416666666667
"2169","Australia",2014,66809,12.4225
"2170","Austria",2014,54278,17.485
"2171","Bahrain",2014,27503,0.543333333333333
"2172","Belarus",2014,8849,21.0758333333333
"2173","Belgium",2014,50173,16.8208333333333
"2174","Belize",2014,5448,7.57916666666667
"2175","Bosnia and Herzegovina",2014,5079,9.125
"2176","Brazil",2014,12975,6.09416666666667
"2177","Bulgaria",2014,8241,11.6475
"2178","Chile",2014,15883,11.4475
"2179","Colombia",2014,8591,5.55166666666667
"2180","Costa Rica",2014,11485,5.90416666666667
"2181","Croatia",2014,14299,18.5033333333333
"2182","Cuba",2014,7459,15.3858333333333
"2183","Cyprus",2014,29024,4.75833333333333
"2184","Czech Republic",2014,20859,14.6075
"2185","Denmark",2014,66114,11.4775
"2186","Ecuador",2014,7116,5.50166666666667
"2187","El Salvador",2014,3965,8.48666666666667
"2188","Estonia",2014,21117,21.5758333333333
"2189","Finland",2014,52832,14.7633333333333
"2190","France",2014,47318,14.9633333333333
"2191","Georgia",2014,4757,6.2075
"2192","Germany",2014,50167,12.7533333333333
"2193","Greece",2014,22834,4.985
"2194","Grenada",2014,9456,0
"2195","Guatemala",2014,4210,3.82333333333333
"2196","Hungary",2014,14886,20.3591666666667
"2197","Iceland",2014,56833,16.4966666666667
"2198","Ireland",2014,59634,9.97333333333333
"2199","Israel",2014,41869,5.93833333333333
"2200","Italy",2014,37035,6.84416666666667
"2201","Japan",2014,40328,18.1841666666667
"2202","Kazakhstan",2014,14351,21.4241666666667
"2203","Kuwait",2014,43774,1.32166666666667
"2204","Kyrgyzstan",2014,1465,9.31583333333333
"2205","Latvia",2014,16544,20.7341666666667
"2206","Lithuania",2014,17442,33.4391666666667
"2207","Luxembourg",2014,126352,12.3233333333333
"2208","Malta",2014,27634,8.50666666666667
"2209","Mauritius",2014,11120,9.62083333333333
"2210","Mexico",2014,11663,5.69833333333333
"2211","Netherlands",2014,55325,10.1183333333333
"2212","Nicaragua",2014,2199,5.95
"2213","Norway",2014,103443,10.6025
"2214","Oman",2014,22328,0.125833333333333
"2215","Panama",2014,14181,4.665
"2216","Paraguay",2014,5254,6.0125
"2217","Poland",2014,15119,14.8583333333333
"2218","Portugal",2014,23091,12.8241666666667
"2219","Puerto Rico",2014,29515,6.42416666666667
"2220","Qatar",2014,91587,1.5825
"2221","Republic of Korea",2014,29120,32.1108333333333
"2222","Romania",2014,10526,10.9191666666667
"2223","Russian Federation",2014,15319,21.6016666666667
"2224","Saint Lucia",2014,9372,7.63
"2225","Saint Vincent and Grenadines",2014,7203,6.73166666666667
"2226","Serbia",2014,6500,18.065
"2227","Seychelles",2014,16018,3.61083333333333
"2228","Singapore",2014,84442,10.9816666666667
"2229","Slovakia",2014,19679,11.0683333333333
"2230","Slovenia",2014,25569,20.0308333333333
"2231","South Africa",2014,7174,1.25666666666667
"2232","Spain",2014,31171,8.69583333333333
"2233","Suriname",2014,10530,29.7783333333333
"2234","Sweden",2014,62956,12.4208333333333
"2235","Switzerland",2014,90809,13.5083333333333
"2236","Thailand",2014,6662,6.41333333333333
"2237","Turkey",2014,13170,2.56916666666667
"2238","Turkmenistan",2014,9046,2.34583333333333
"2239","Ukraine",2014,3299,20.875
"2240","United Kingdom",2014,49906,6.99416666666667
"2241","United States",2014,58531,14.2775
"2242","Uruguay",2014,18012,20.72
"2243","Uzbekistan",2014,2309,7.09333333333333
"2244","Antigua and Barbuda",2015,14853,1.30166666666667
"2245","Argentina",2015,14981,9.34416666666667
"2246","Armenia",2015,3775,3.77333333333333
"2247","Australia",2015,60656,12.8483333333333
"2248","Austria",2015,46484,16.2183333333333
"2249","Belgium",2015,42830,16.3883333333333
"2250","Belize",2015,5561,11.2883333333333
"2251","Brazil",2015,9431,6.45416666666667
"2252","Chile",2015,14729,12.3066666666667
"2253","Colombia",2015,6552,5.86666666666667
"2254","Croatia",2015,12351,19.14
"2255","Cuba",2015,8044,16.1925
"2256","Cyprus",2015,24718,4.1325
"2257","Czech Republic",2015,18703,14.2391666666667
"2258","Denmark",2015,55972,10.1183333333333
"2259","Ecuador",2015,6832,8.11583333333333
"2260","Estonia",2015,18149,17.115
"2261","Finland",2015,44862,13.4325
"2262","Georgia",2015,4046,7.05666666666667
"2263","Germany",2015,43201,12.5283333333333
"2264","Greece",2015,18927,4.67166666666667
"2265","Grenada",2015,10290,0
"2266","Guatemala",2015,4472,3.7375
"2267","Hungary",2015,13087,21.4391666666667
"2268","Iceland",2015,54909,11.7208333333333
"2269","Israel",2015,39793,5.4925
"2270","Italy",2015,31537,6.5375
"2271","Japan",2015,36510,17.17
"2272","Kazakhstan",2015,11784,19.835
"2273","Kyrgyzstan",2015,1285,8.1975
"2274","Latvia",2015,14382,20.9558333333333
"2275","Lithuania",2015,15073,32.1233333333333
"2276","Luxembourg",2015,107456,11.2
"2277","Malta",2015,25750,6.5225
"2278","Mauritius",2015,10125,8.33083333333333
"2279","Mexico",2015,10228,5.5475
"2280","Netherlands",2015,47206,10.5775
"2281","Nicaragua",2015,2303,5.8225
"2282","Norway",2015,79187,11.3691666666667
"2283","Panama",2015,15158,3.74166666666667
"2284","Poland",2015,13228,13.9158333333333
"2285","Puerto Rico",2015,29728,7.13166666666667
"2286","Qatar",2015,69937,1.57
"2287","Republic of Korea",2015,28410,32.4283333333333
"2288","Romania",2015,9431,11.1291666666667
"2289","Russian Federation",2015,9987,19.7433333333333
"2290","Saint Vincent and Grenadines",2015,7496,2.34
"2291","Serbia",2015,5492,17.1641666666667
"2292","Seychelles",2015,16005,6.77083333333333
"2293","Singapore",2015,81766,9.1075
"2294","Slovenia",2015,22036,22.0675
"2295","South Africa",2015,6403,1.08333333333333
"2296","Spain",2015,27108,8.115
"2297","Sweden",2015,54629,12.4416666666667
"2298","Switzerland",2015,86068,13.7216666666667
"2299","Thailand",2015,6552,6.7625
"2300","Turkey",2015,11961,2.3725
"2301","Turkmenistan",2015,7326,2.37333333333333
"2302","Ukraine",2015,2256,20.3933333333333
"2303","United Kingdom",2015,47240,7.22833333333333
"2304","United States",2015,60387,14.6175
"2305","Uruguay",2015,16696,22.5016666666667
"2306","Armenia",2016,3788,4.056
"2307","Austria",2016,46976,18.323
"2308","Croatia",2016,12905,21.356
"2309","Cyprus",2016,25098,4.715
"2310","Czech Republic",2016,19505,16.176
"2311","Grenada",2016,10838,0
"2312","Hungary",2016,13448,24.134
"2313","Iceland",2016,64708,13.807
"2314","Lithuania",2016,15742,36.172
"2315","Mauritius",2016,10570,9.93
"2316","Mongolia",2016,4145,18.439
"2317","Netherlands",2016,48108,12.739
"2318","Qatar",2016,62484,1.643
"2319","Romania",2016,10020,11.633
"2320","Sweden",2016,55594,13.884
"2321","Thailand",2016,6713,7.732
